/*
 Navicat Premium Data Transfer

 Source Server         : 本地连接
 Source Server Type    : MySQL
 Source Server Version : 80019
 Source Host           : localhost:3306
 Source Schema         : pear-admin

 Target Server Type    : MySQL
 Target Server Version : 80019
 File Encoding         : 65001

 Date: 09/04/2020 21:27:51
*/

SET NAMES utf8mb4;
SET FOREIGN_KEY_CHECKS = 0;

-- ----------------------------
-- Table structure for gen_table
-- ----------------------------
DROP TABLE IF EXISTS `gen_table`;
CREATE TABLE `gen_table`  (
  `table_id` bigint(0) NOT NULL AUTO_INCREMENT COMMENT '编号',
  `table_name` varchar(200) CHARACTER SET utf8 COLLATE utf8_general_ci NULL DEFAULT '' COMMENT '表名称',
  `table_comment` varchar(500) CHARACTER SET utf8 COLLATE utf8_general_ci NULL DEFAULT '' COMMENT '表描述',
  `class_name` varchar(100) CHARACTER SET utf8 COLLATE utf8_general_ci NULL DEFAULT '' COMMENT '实体类名称',
  `tpl_category` varchar(200) CHARACTER SET utf8 COLLATE utf8_general_ci NULL DEFAULT 'crud' COMMENT '使用的模板（crud单表操作 tree树表操作）',
  `package_name` varchar(100) CHARACTER SET utf8 COLLATE utf8_general_ci NULL DEFAULT NULL COMMENT '生成包路径',
  `module_name` varchar(30) CHARACTER SET utf8 COLLATE utf8_general_ci NULL DEFAULT NULL COMMENT '生成模块名',
  `business_name` varchar(30) CHARACTER SET utf8 COLLATE utf8_general_ci NULL DEFAULT NULL COMMENT '生成业务名',
  `function_name` varchar(50) CHARACTER SET utf8 COLLATE utf8_general_ci NULL DEFAULT NULL COMMENT '生成功能名',
  `function_author` varchar(50) CHARACTER SET utf8 COLLATE utf8_general_ci NULL DEFAULT NULL COMMENT '生成功能作者',
  `options` varchar(1000) CHARACTER SET utf8 COLLATE utf8_general_ci NULL DEFAULT NULL COMMENT '其它生成选项',
  `create_by` varchar(64) CHARACTER SET utf8 COLLATE utf8_general_ci NULL DEFAULT '' COMMENT '创建者',
  `create_time` datetime(0) NULL DEFAULT NULL COMMENT '创建时间',
  `update_by` varchar(64) CHARACTER SET utf8 COLLATE utf8_general_ci NULL DEFAULT '' COMMENT '更新者',
  `update_time` datetime(0) NULL DEFAULT NULL COMMENT '更新时间',
  `remark` varchar(500) CHARACTER SET utf8 COLLATE utf8_general_ci NULL DEFAULT NULL COMMENT '备注',
  PRIMARY KEY (`table_id`) USING BTREE
) ENGINE = InnoDB CHARACTER SET = utf8 COLLATE = utf8_general_ci COMMENT = '代码生成业务表' ROW_FORMAT = Dynamic;

-- ----------------------------
-- Records of gen_table
-- ----------------------------

-- ----------------------------
-- Table structure for gen_table_column
-- ----------------------------
DROP TABLE IF EXISTS `gen_table_column`;
CREATE TABLE `gen_table_column`  (
  `column_id` bigint(0) NOT NULL AUTO_INCREMENT COMMENT '编号',
  `table_id` varchar(64) CHARACTER SET utf8 COLLATE utf8_general_ci NULL DEFAULT NULL COMMENT '归属表编号',
  `column_name` varchar(200) CHARACTER SET utf8 COLLATE utf8_general_ci NULL DEFAULT NULL COMMENT '列名称',
  `column_comment` varchar(500) CHARACTER SET utf8 COLLATE utf8_general_ci NULL DEFAULT NULL COMMENT '列描述',
  `column_type` varchar(100) CHARACTER SET utf8 COLLATE utf8_general_ci NULL DEFAULT NULL COMMENT '列类型',
  `java_type` varchar(500) CHARACTER SET utf8 COLLATE utf8_general_ci NULL DEFAULT NULL COMMENT 'JAVA类型',
  `java_field` varchar(200) CHARACTER SET utf8 COLLATE utf8_general_ci NULL DEFAULT NULL COMMENT 'JAVA字段名',
  `is_pk` char(1) CHARACTER SET utf8 COLLATE utf8_general_ci NULL DEFAULT NULL COMMENT '是否主键（1是）',
  `is_increment` char(1) CHARACTER SET utf8 COLLATE utf8_general_ci NULL DEFAULT NULL COMMENT '是否自增（1是）',
  `is_required` char(1) CHARACTER SET utf8 COLLATE utf8_general_ci NULL DEFAULT NULL COMMENT '是否必填（1是）',
  `is_insert` char(1) CHARACTER SET utf8 COLLATE utf8_general_ci NULL DEFAULT NULL COMMENT '是否为插入字段（1是）',
  `is_edit` char(1) CHARACTER SET utf8 COLLATE utf8_general_ci NULL DEFAULT NULL COMMENT '是否编辑字段（1是）',
  `is_list` char(1) CHARACTER SET utf8 COLLATE utf8_general_ci NULL DEFAULT NULL COMMENT '是否列表字段（1是）',
  `is_query` char(1) CHARACTER SET utf8 COLLATE utf8_general_ci NULL DEFAULT NULL COMMENT '是否查询字段（1是）',
  `query_type` varchar(200) CHARACTER SET utf8 COLLATE utf8_general_ci NULL DEFAULT 'EQ' COMMENT '查询方式（等于、不等于、大于、小于、范围）',
  `html_type` varchar(200) CHARACTER SET utf8 COLLATE utf8_general_ci NULL DEFAULT NULL COMMENT '显示类型（文本框、文本域、下拉框、复选框、单选框、日期控件）',
  `dict_type` varchar(200) CHARACTER SET utf8 COLLATE utf8_general_ci NULL DEFAULT '' COMMENT '字典类型',
  `sort` int(0) NULL DEFAULT NULL COMMENT '排序',
  `create_by` varchar(64) CHARACTER SET utf8 COLLATE utf8_general_ci NULL DEFAULT '' COMMENT '创建者',
  `create_time` datetime(0) NULL DEFAULT NULL COMMENT '创建时间',
  `update_by` varchar(64) CHARACTER SET utf8 COLLATE utf8_general_ci NULL DEFAULT '' COMMENT '更新者',
  `update_time` datetime(0) NULL DEFAULT NULL COMMENT '更新时间',
  PRIMARY KEY (`column_id`) USING BTREE
) ENGINE = InnoDB CHARACTER SET = utf8 COLLATE = utf8_general_ci COMMENT = '代码生成业务表字段' ROW_FORMAT = Dynamic;

-- ----------------------------
-- Records of gen_table_column
-- ----------------------------

-- ----------------------------
-- Table structure for schedule_blob_triggers
-- ----------------------------
DROP TABLE IF EXISTS `schedule_blob_triggers`;
CREATE TABLE `schedule_blob_triggers`  (
  `SCHED_NAME` varchar(120) CHARACTER SET utf8 COLLATE utf8_general_ci NOT NULL,
  `TRIGGER_NAME` varchar(200) CHARACTER SET utf8 COLLATE utf8_general_ci NOT NULL,
  `TRIGGER_GROUP` varchar(200) CHARACTER SET utf8 COLLATE utf8_general_ci NOT NULL,
  `BLOB_DATA` blob NULL,
  PRIMARY KEY (`SCHED_NAME`, `TRIGGER_NAME`, `TRIGGER_GROUP`) USING BTREE,
  INDEX `SCHED_NAME`(`SCHED_NAME`, `TRIGGER_NAME`, `TRIGGER_GROUP`) USING BTREE,
  CONSTRAINT `schedule_blob_triggers_ibfk_1` FOREIGN KEY (`SCHED_NAME`, `TRIGGER_NAME`, `TRIGGER_GROUP`) REFERENCES `schedule_triggers` (`SCHED_NAME`, `TRIGGER_NAME`, `TRIGGER_GROUP`) ON DELETE RESTRICT ON UPDATE RESTRICT
) ENGINE = InnoDB CHARACTER SET = utf8 COLLATE = utf8_general_ci ROW_FORMAT = Dynamic;

-- ----------------------------
-- Records of schedule_blob_triggers
-- ----------------------------

-- ----------------------------
-- Table structure for schedule_calendars
-- ----------------------------
DROP TABLE IF EXISTS `schedule_calendars`;
CREATE TABLE `schedule_calendars`  (
  `SCHED_NAME` varchar(120) CHARACTER SET utf8 COLLATE utf8_general_ci NOT NULL,
  `CALENDAR_NAME` varchar(200) CHARACTER SET utf8 COLLATE utf8_general_ci NOT NULL,
  `CALENDAR` blob NOT NULL,
  PRIMARY KEY (`SCHED_NAME`, `CALENDAR_NAME`) USING BTREE
) ENGINE = InnoDB CHARACTER SET = utf8 COLLATE = utf8_general_ci ROW_FORMAT = Dynamic;

-- ----------------------------
-- Records of schedule_calendars
-- ----------------------------

-- ----------------------------
-- Table structure for schedule_cron_triggers
-- ----------------------------
DROP TABLE IF EXISTS `schedule_cron_triggers`;
CREATE TABLE `schedule_cron_triggers`  (
  `SCHED_NAME` varchar(120) CHARACTER SET utf8 COLLATE utf8_general_ci NOT NULL,
  `TRIGGER_NAME` varchar(200) CHARACTER SET utf8 COLLATE utf8_general_ci NOT NULL,
  `TRIGGER_GROUP` varchar(200) CHARACTER SET utf8 COLLATE utf8_general_ci NOT NULL,
  `CRON_EXPRESSION` varchar(120) CHARACTER SET utf8 COLLATE utf8_general_ci NOT NULL,
  `TIME_ZONE_ID` varchar(80) CHARACTER SET utf8 COLLATE utf8_general_ci NULL DEFAULT NULL,
  PRIMARY KEY (`SCHED_NAME`, `TRIGGER_NAME`, `TRIGGER_GROUP`) USING BTREE,
  CONSTRAINT `schedule_cron_triggers_ibfk_1` FOREIGN KEY (`SCHED_NAME`, `TRIGGER_NAME`, `TRIGGER_GROUP`) REFERENCES `schedule_triggers` (`SCHED_NAME`, `TRIGGER_NAME`, `TRIGGER_GROUP`) ON DELETE RESTRICT ON UPDATE RESTRICT
) ENGINE = InnoDB CHARACTER SET = utf8 COLLATE = utf8_general_ci ROW_FORMAT = Dynamic;

-- ----------------------------
-- Records of schedule_cron_triggers
-- ----------------------------
INSERT INTO `schedule_cron_triggers` VALUES ('PearScheduler', 'Pear_445249186028457984', 'DEFAULT', '0 0/1 * * * ?', 'Asia/Shanghai');
INSERT INTO `schedule_cron_triggers` VALUES ('PearScheduler', 'Pear_445250936491872256', 'DEFAULT', '0 0/1 * * * ?', 'Asia/Shanghai');
INSERT INTO `schedule_cron_triggers` VALUES ('PearScheduler', 'Pear_445383154719657984', 'DEFAULT', '0 0/1 * * * ?', 'Asia/Shanghai');

-- ----------------------------
-- Table structure for schedule_fired_triggers
-- ----------------------------
DROP TABLE IF EXISTS `schedule_fired_triggers`;
CREATE TABLE `schedule_fired_triggers`  (
  `SCHED_NAME` varchar(120) CHARACTER SET utf8 COLLATE utf8_general_ci NOT NULL,
  `ENTRY_ID` varchar(95) CHARACTER SET utf8 COLLATE utf8_general_ci NOT NULL,
  `TRIGGER_NAME` varchar(200) CHARACTER SET utf8 COLLATE utf8_general_ci NOT NULL,
  `TRIGGER_GROUP` varchar(200) CHARACTER SET utf8 COLLATE utf8_general_ci NOT NULL,
  `INSTANCE_NAME` varchar(200) CHARACTER SET utf8 COLLATE utf8_general_ci NOT NULL,
  `FIRED_TIME` bigint(0) NOT NULL,
  `SCHED_TIME` bigint(0) NOT NULL,
  `PRIORITY` int(0) NOT NULL,
  `STATE` varchar(16) CHARACTER SET utf8 COLLATE utf8_general_ci NOT NULL,
  `JOB_NAME` varchar(200) CHARACTER SET utf8 COLLATE utf8_general_ci NULL DEFAULT NULL,
  `JOB_GROUP` varchar(200) CHARACTER SET utf8 COLLATE utf8_general_ci NULL DEFAULT NULL,
  `IS_NONCONCURRENT` varchar(1) CHARACTER SET utf8 COLLATE utf8_general_ci NULL DEFAULT NULL,
  `REQUESTS_RECOVERY` varchar(1) CHARACTER SET utf8 COLLATE utf8_general_ci NULL DEFAULT NULL,
  PRIMARY KEY (`SCHED_NAME`, `ENTRY_ID`) USING BTREE,
  INDEX `IDX_QRTZ_FT_TRIG_INST_NAME`(`SCHED_NAME`, `INSTANCE_NAME`) USING BTREE,
  INDEX `IDX_QRTZ_FT_INST_JOB_REQ_RCVRY`(`SCHED_NAME`, `INSTANCE_NAME`, `REQUESTS_RECOVERY`) USING BTREE,
  INDEX `IDX_QRTZ_FT_J_G`(`SCHED_NAME`, `JOB_NAME`, `JOB_GROUP`) USING BTREE,
  INDEX `IDX_QRTZ_FT_JG`(`SCHED_NAME`, `JOB_GROUP`) USING BTREE,
  INDEX `IDX_QRTZ_FT_T_G`(`SCHED_NAME`, `TRIGGER_NAME`, `TRIGGER_GROUP`) USING BTREE,
  INDEX `IDX_QRTZ_FT_TG`(`SCHED_NAME`, `TRIGGER_GROUP`) USING BTREE
) ENGINE = InnoDB CHARACTER SET = utf8 COLLATE = utf8_general_ci ROW_FORMAT = Dynamic;

-- ----------------------------
-- Records of schedule_fired_triggers
-- ----------------------------

-- ----------------------------
-- Table structure for schedule_group
-- ----------------------------
DROP TABLE IF EXISTS `schedule_group`;
CREATE TABLE `schedule_group`  (
  `group_id` char(19) CHARACTER SET utf8mb4 COLLATE utf8mb4_0900_ai_ci NOT NULL,
  `group_name` varchar(255) CHARACTER SET utf8mb4 COLLATE utf8mb4_0900_ai_ci NULL DEFAULT NULL,
  `parent_id` char(19) CHARACTER SET utf8mb4 COLLATE utf8mb4_0900_ai_ci NULL DEFAULT NULL,
  PRIMARY KEY (`group_id`) USING BTREE
) ENGINE = InnoDB CHARACTER SET = utf8mb4 COLLATE = utf8mb4_0900_ai_ci ROW_FORMAT = Dynamic;

-- ----------------------------
-- Records of schedule_group
-- ----------------------------
INSERT INTO `schedule_group` VALUES ('1', '用户任务', '-1');
INSERT INTO `schedule_group` VALUES ('2', '探月任务', '-1');
INSERT INTO `schedule_group` VALUES ('3', '夜间任务', '-1');
INSERT INTO `schedule_group` VALUES ('4', '冒险任务', '-1');

-- ----------------------------
-- Table structure for schedule_job
-- ----------------------------
DROP TABLE IF EXISTS `schedule_job`;
CREATE TABLE `schedule_job`  (
  `job_id` char(19) CHARACTER SET utf8 COLLATE utf8_general_ci NOT NULL COMMENT '任务id',
  `bean_name` varchar(200) CHARACTER SET utf8 COLLATE utf8_general_ci NULL DEFAULT NULL COMMENT 'spring bean名称',
  `params` varchar(2000) CHARACTER SET utf8 COLLATE utf8_general_ci NULL DEFAULT NULL COMMENT '参数',
  `cron_expression` varchar(100) CHARACTER SET utf8 COLLATE utf8_general_ci NULL DEFAULT NULL COMMENT 'cron表达式',
  `status` tinyint(0) NULL DEFAULT NULL COMMENT '任务状态  0：正常  1：暂停',
  `remark` varchar(255) CHARACTER SET utf8 COLLATE utf8_general_ci NULL DEFAULT NULL COMMENT '备注',
  `create_time` datetime(0) NULL DEFAULT NULL COMMENT '创建时间',
  `job_name` varchar(255) CHARACTER SET utf8 COLLATE utf8_general_ci NULL DEFAULT NULL,
  PRIMARY KEY (`job_id`) USING BTREE
) ENGINE = InnoDB CHARACTER SET = utf8 COLLATE = utf8_general_ci COMMENT = '定时任务' ROW_FORMAT = Dynamic;

-- ----------------------------
-- Records of schedule_job
-- ----------------------------
INSERT INTO `schedule_job` VALUES ('445249186028457984', 'getTimeTask', 'Hello,Word', '0 0/1 * * * ?', 1, '测试任务', '2020-04-08 13:02:24', '测试任务');
INSERT INTO `schedule_job` VALUES ('445250936491872256', 'exceptionTask', 'Exception,Param', '0 0/1 * * * ?', 1, '异常任务', '2020-04-08 13:09:21', '异常任务');
INSERT INTO `schedule_job` VALUES ('445383154719657984', 'getTimeTask', 'Hello,Param', '0 0/1 * * * ?', 1, '冒险任务', '2020-04-08 21:54:45', '冒险任务');

-- ----------------------------
-- Table structure for schedule_job_details
-- ----------------------------
DROP TABLE IF EXISTS `schedule_job_details`;
CREATE TABLE `schedule_job_details`  (
  `SCHED_NAME` varchar(120) CHARACTER SET utf8 COLLATE utf8_general_ci NOT NULL,
  `JOB_NAME` varchar(200) CHARACTER SET utf8 COLLATE utf8_general_ci NOT NULL,
  `JOB_GROUP` varchar(200) CHARACTER SET utf8 COLLATE utf8_general_ci NOT NULL,
  `DESCRIPTION` varchar(250) CHARACTER SET utf8 COLLATE utf8_general_ci NULL DEFAULT NULL,
  `JOB_CLASS_NAME` varchar(250) CHARACTER SET utf8 COLLATE utf8_general_ci NOT NULL,
  `IS_DURABLE` varchar(1) CHARACTER SET utf8 COLLATE utf8_general_ci NOT NULL,
  `IS_NONCONCURRENT` varchar(1) CHARACTER SET utf8 COLLATE utf8_general_ci NOT NULL,
  `IS_UPDATE_DATA` varchar(1) CHARACTER SET utf8 COLLATE utf8_general_ci NOT NULL,
  `REQUESTS_RECOVERY` varchar(1) CHARACTER SET utf8 COLLATE utf8_general_ci NOT NULL,
  `JOB_DATA` blob NULL,
  PRIMARY KEY (`SCHED_NAME`, `JOB_NAME`, `JOB_GROUP`) USING BTREE,
  INDEX `IDX_QRTZ_J_REQ_RECOVERY`(`SCHED_NAME`, `REQUESTS_RECOVERY`) USING BTREE,
  INDEX `IDX_QRTZ_J_GRP`(`SCHED_NAME`, `JOB_GROUP`) USING BTREE
) ENGINE = InnoDB CHARACTER SET = utf8 COLLATE = utf8_general_ci ROW_FORMAT = Dynamic;

-- ----------------------------
-- Records of schedule_job_details
-- ----------------------------
INSERT INTO `schedule_job_details` VALUES ('PearScheduler', 'Pear_445234300128989184', 'DEFAULT', NULL, 'com.pearadmin.schedule.handler.ScheduleTaskContext', '0', '0', '0', '0', 0xACED0005737200156F72672E71756172747A2E4A6F62446174614D61709FB083E8BFA9B0CB020000787200266F72672E71756172747A2E7574696C732E537472696E674B65794469727479466C61674D61708208E8C3FBC55D280200015A0013616C6C6F77735472616E7369656E74446174617872001D6F72672E71756172747A2E7574696C732E4469727479466C61674D617013E62EAD28760ACE0200025A000564697274794C00036D617074000F4C6A6176612F7574696C2F4D61703B787001737200116A6176612E7574696C2E486173684D61700507DAC1C31660D103000246000A6C6F6164466163746F724900097468726573686F6C6478703F4000000000000C7708000000100000000174000D4A4F425F504152414D5F4B45597372002D636F6D2E7065617261646D696E2E7363686564756C652E656E746974792E5363686564756C654A6F624265616E00000000000000010200064C00086265616E4E616D657400124C6A6176612F6C616E672F537472696E673B4C000E63726F6E45787072657373696F6E71007E00094C00056A6F6249647400104C6A6176612F6C616E672F4C6F6E673B4C00076A6F624E616D6571007E00094C0006706172616D7371007E00094C000673746174757371007E000978720028636F6D2E7065617261646D696E2E636F6D6D6F6E2E7765622E626173652E42617365446F6D61696E7F0917E1C981A9230200054C0008637265617465427971007E00094C000A63726561746554696D657400104C6A6176612F7574696C2F446174653B4C000672656D61726B71007E00094C0008757064617465427971007E00094C000A75706461746554696D6571007E000C7870707372000E6A6176612E7574696C2E44617465686A81014B597419030000787077080000017157F4D3137874000DE6B58BE8AF95E4BBBBE58AA10A707074000B67657454696D655461736B74000D3020302F35202A202A202A203F7372000E6A6176612E6C616E672E4C6F6E673B8BE490CC8F23DF0200014A000576616C7565787200106A6176612E6C616E672E4E756D62657286AC951D0B94E08B0200007870062DCA3CAD02100074000CE6B58BE8AF95E4BBBBE58AA174000B48656C6C6F2C506172616D740001307800);
INSERT INTO `schedule_job_details` VALUES ('PearScheduler', 'Pear_445249186028457984', 'DEFAULT', NULL, 'com.pearadmin.schedule.handler.ScheduleTaskContext', '0', '0', '0', '0', 0xACED0005737200156F72672E71756172747A2E4A6F62446174614D61709FB083E8BFA9B0CB020000787200266F72672E71756172747A2E7574696C732E537472696E674B65794469727479466C61674D61708208E8C3FBC55D280200015A0013616C6C6F77735472616E7369656E74446174617872001D6F72672E71756172747A2E7574696C732E4469727479466C61674D617013E62EAD28760ACE0200025A000564697274794C00036D617074000F4C6A6176612F7574696C2F4D61703B787001737200116A6176612E7574696C2E486173684D61700507DAC1C31660D103000246000A6C6F6164466163746F724900097468726573686F6C6478703F4000000000000C7708000000100000000174000D4A4F425F504152414D5F4B45597372002D636F6D2E7065617261646D696E2E7363686564756C652E656E746974792E5363686564756C654A6F624265616E00000000000000010200064C00086265616E4E616D657400124C6A6176612F6C616E672F537472696E673B4C000E63726F6E45787072657373696F6E71007E00094C00056A6F62496471007E00094C00076A6F624E616D6571007E00094C0006706172616D7371007E00094C000673746174757371007E000978720028636F6D2E7065617261646D696E2E636F6D6D6F6E2E7765622E626173652E42617365446F6D61696E7F0917E1C981A9230200054C0008637265617465427971007E00094C000A63726561746554696D657400104C6A6176612F7574696C2F446174653B4C000672656D61726B71007E00094C0008757064617465427971007E00094C000A75706461746554696D6571007E000B7870707372000E6A6176612E7574696C2E44617465686A81014B5974190300007870770800000171582AFAA67874000CE6B58BE8AF95E4BBBBE58AA1707074000B67657454696D655461736B74000D3020302F35202A202A202A203F74001234343532343931383630323834353739383474000CE6B58BE8AF95E4BBBBE58AA174000A48656C6C6F2C576F7264740001307800);
INSERT INTO `schedule_job_details` VALUES ('PearScheduler', 'Pear_445250936491872256', 'DEFAULT', NULL, 'com.pearadmin.schedule.handler.ScheduleTaskContext', '0', '0', '0', '0', 0xACED0005737200156F72672E71756172747A2E4A6F62446174614D61709FB083E8BFA9B0CB020000787200266F72672E71756172747A2E7574696C732E537472696E674B65794469727479466C61674D61708208E8C3FBC55D280200015A0013616C6C6F77735472616E7369656E74446174617872001D6F72672E71756172747A2E7574696C732E4469727479466C61674D617013E62EAD28760ACE0200025A000564697274794C00036D617074000F4C6A6176612F7574696C2F4D61703B787001737200116A6176612E7574696C2E486173684D61700507DAC1C31660D103000246000A6C6F6164466163746F724900097468726573686F6C6478703F4000000000000C7708000000100000000174000D4A4F425F504152414D5F4B45597372002D636F6D2E7065617261646D696E2E7363686564756C652E656E746974792E5363686564756C654A6F624265616E00000000000000010200064C00086265616E4E616D657400124C6A6176612F6C616E672F537472696E673B4C000E63726F6E45787072657373696F6E71007E00094C00056A6F62496471007E00094C00076A6F624E616D6571007E00094C0006706172616D7371007E00094C000673746174757371007E000978720028636F6D2E7065617261646D696E2E636F6D6D6F6E2E7765622E626173652E42617365446F6D61696E7F0917E1C981A9230200054C0008637265617465427971007E00094C000A63726561746554696D657400104C6A6176612F7574696C2F446174653B4C000672656D61726B71007E00094C0008757064617465427971007E00094C000A75706461746554696D6571007E000B7870707372000E6A6176612E7574696C2E44617465686A81014B5974190300007870770800000171583158E57874000CE5BC82E5B8B8E4BBBBE58AA1707074000D657863657074696F6E5461736B74000D3020302F31202A202A202A203F74001234343532353039333634393138373232353674000CE5BC82E5B8B8E4BBBBE58AA174000F457863657074696F6E2C506172616D740001307800);
INSERT INTO `schedule_job_details` VALUES ('PearScheduler', 'Pear_445383154719657984', 'DEFAULT', NULL, 'com.pearadmin.schedule.handler.ScheduleTaskContext', '0', '0', '0', '0', 0xACED0005737200156F72672E71756172747A2E4A6F62446174614D61709FB083E8BFA9B0CB020000787200266F72672E71756172747A2E7574696C732E537472696E674B65794469727479466C61674D61708208E8C3FBC55D280200015A0013616C6C6F77735472616E7369656E74446174617872001D6F72672E71756172747A2E7574696C732E4469727479466C61674D617013E62EAD28760ACE0200025A000564697274794C00036D617074000F4C6A6176612F7574696C2F4D61703B787001737200116A6176612E7574696C2E486173684D61700507DAC1C31660D103000246000A6C6F6164466163746F724900097468726573686F6C6478703F4000000000000C7708000000100000000174000D4A4F425F504152414D5F4B45597372002D636F6D2E7065617261646D696E2E7363686564756C652E656E746974792E5363686564756C654A6F624265616E00000000000000010200074C00086265616E4E616D657400124C6A6176612F6C616E672F537472696E673B4C000E63726F6E45787072657373696F6E71007E00094C000767726F7570496471007E00094C00056A6F62496471007E00094C00076A6F624E616D6571007E00094C0006706172616D7371007E00094C000673746174757371007E000978720028636F6D2E7065617261646D696E2E636F6D6D6F6E2E7765622E626173652E42617365446F6D61696E7F0917E1C981A9230200054C0008637265617465427971007E00094C000A63726561746554696D657400104C6A6176612F7574696C2F446174653B4C000672656D61726B71007E00094C0008757064617465427971007E00094C000A75706461746554696D6571007E000B7870707372000E6A6176612E7574696C2E44617465686A81014B59741903000078707708000001715A125AB77874000CE58692E999A9E4BBBBE58AA1707074000B67657454696D655461736B74000D3020302F31202A202A202A203F7074001234343533383331353437313936353739383474000CE58692E999A9E4BBBBE58AA174000B48656C6C6F2C506172616D740001307800);

-- ----------------------------
-- Table structure for schedule_locks
-- ----------------------------
DROP TABLE IF EXISTS `schedule_locks`;
CREATE TABLE `schedule_locks`  (
  `SCHED_NAME` varchar(120) CHARACTER SET utf8 COLLATE utf8_general_ci NOT NULL,
  `LOCK_NAME` varchar(40) CHARACTER SET utf8 COLLATE utf8_general_ci NOT NULL,
  PRIMARY KEY (`SCHED_NAME`, `LOCK_NAME`) USING BTREE
) ENGINE = InnoDB CHARACTER SET = utf8 COLLATE = utf8_general_ci ROW_FORMAT = Dynamic;

-- ----------------------------
-- Records of schedule_locks
-- ----------------------------
INSERT INTO `schedule_locks` VALUES ('PearScheduler', 'STATE_ACCESS');
INSERT INTO `schedule_locks` VALUES ('PearScheduler', 'TRIGGER_ACCESS');

-- ----------------------------
-- Table structure for schedule_log
-- ----------------------------
DROP TABLE IF EXISTS `schedule_log`;
CREATE TABLE `schedule_log`  (
  `log_id` char(19) CHARACTER SET utf8 COLLATE utf8_general_ci NOT NULL COMMENT '任务日志id',
  `job_id` char(19) CHARACTER SET utf8 COLLATE utf8_general_ci NOT NULL COMMENT '任务id',
  `bean_name` varchar(200) CHARACTER SET utf8 COLLATE utf8_general_ci NULL DEFAULT NULL COMMENT 'spring bean名称',
  `params` varchar(2000) CHARACTER SET utf8 COLLATE utf8_general_ci NULL DEFAULT NULL COMMENT '参数',
  `status` tinyint(0) NOT NULL COMMENT '任务状态    0：成功    1：失败',
  `error` varchar(2000) CHARACTER SET utf8 COLLATE utf8_general_ci NULL DEFAULT NULL COMMENT '失败信息',
  `times` int(0) NOT NULL COMMENT '耗时(单位：毫秒)',
  `create_time` datetime(0) NULL DEFAULT NULL COMMENT '创建时间',
  PRIMARY KEY (`log_id`) USING BTREE,
  INDEX `job_id`(`job_id`) USING BTREE
) ENGINE = InnoDB CHARACTER SET = utf8 COLLATE = utf8_general_ci COMMENT = '定时任务日志' ROW_FORMAT = Dynamic;

-- ----------------------------
-- Records of schedule_log
-- ----------------------------
INSERT INTO `schedule_log` VALUES ('1', '445234300128989184', 'getTimeTask', 'Hello,Param', 0, NULL, 0, '2020-04-08 12:05:00');
INSERT INTO `schedule_log` VALUES ('10', '445234300128989184', 'getTimeTask', 'Hello,Param', 0, NULL, 1, '2020-04-08 12:50:00');
INSERT INTO `schedule_log` VALUES ('2', '445234300128989184', 'getTimeTask', 'Hello,Param', 0, NULL, 0, '2020-04-08 12:10:00');
INSERT INTO `schedule_log` VALUES ('3', '445234300128989184', 'getTimeTask', 'Hello,Param', 0, NULL, 0, '2020-04-08 12:15:00');
INSERT INTO `schedule_log` VALUES ('4', '445234300128989184', 'getTimeTask', 'Hello,Param', 0, NULL, 1, '2020-04-08 12:20:00');
INSERT INTO `schedule_log` VALUES ('445249769795883008', '445249186028457984', 'getTimeTask', 'Hello,Word', 0, NULL, 1, '2020-04-08 13:04:43');
INSERT INTO `schedule_log` VALUES ('445249771343581184', '445249186028457984', 'getTimeTask', 'Hello,Word', 0, NULL, 0, '2020-04-08 13:04:43');
INSERT INTO `schedule_log` VALUES ('445249840839004160', '445249186028457984', 'getTimeTask', 'Hello,Word', 0, NULL, 1, '2020-04-08 13:05:00');
INSERT INTO `schedule_log` VALUES ('445250847513907200', '445249186028457984', 'getTimeTask', 'Hello,Word', 0, NULL, 0, '2020-04-08 13:09:00');
INSERT INTO `schedule_log` VALUES ('445251076816506880', '445250936491872256', 'exceptionTask', 'Exception,Param', 1, NULL, 0, '2020-04-08 13:09:55');
INSERT INTO `schedule_log` VALUES ('445251076887810048', '445250936491872256', 'exceptionTask', 'Exception,Param', 1, NULL, 0, '2020-04-08 13:09:55');
INSERT INTO `schedule_log` VALUES ('445251099130204160', '445249186028457984', 'getTimeTask', 'Hello,Word', 0, NULL, 1, '2020-04-08 13:10:00');
INSERT INTO `schedule_log` VALUES ('445251099218284544', '445250936491872256', 'exceptionTask', 'Exception,Param', 1, NULL, 1, '2020-04-08 13:10:00');
INSERT INTO `schedule_log` VALUES ('445251212300914688', '445250936491872256', 'exceptionTask', 'Exception,Param', 1, NULL, 1, '2020-04-08 13:10:27');
INSERT INTO `schedule_log` VALUES ('445251212456103936', '445249186028457984', 'getTimeTask', 'Hello,Word', 0, NULL, 0, '2020-04-08 13:10:27');
INSERT INTO `schedule_log` VALUES ('445251219229904896', '445249186028457984', 'getTimeTask', 'Hello,Word', 0, NULL, 0, '2020-04-08 13:10:29');
INSERT INTO `schedule_log` VALUES ('445251219284430848', '445250936491872256', 'exceptionTask', 'Exception,Param', 1, NULL, 1, '2020-04-08 13:10:29');
INSERT INTO `schedule_log` VALUES ('445251225374560256', '445249186028457984', 'getTimeTask', 'Hello,Word', 0, NULL, 0, '2020-04-08 13:10:30');
INSERT INTO `schedule_log` VALUES ('445251225437474816', '445250936491872256', 'exceptionTask', 'Exception,Param', 1, NULL, 0, '2020-04-08 13:10:30');
INSERT INTO `schedule_log` VALUES ('445251227337494528', '445249186028457984', 'getTimeTask', 'Hello,Word', 0, NULL, 0, '2020-04-08 13:10:31');
INSERT INTO `schedule_log` VALUES ('445251264914264064', '445249186028457984', 'getTimeTask', 'Hello,Word', 0, NULL, 1, '2020-04-08 13:10:40');
INSERT INTO `schedule_log` VALUES ('445251266986250240', '445249186028457984', 'getTimeTask', 'Hello,Word', 0, NULL, 0, '2020-04-08 13:10:40');
INSERT INTO `schedule_log` VALUES ('445251268668166144', '445249186028457984', 'getTimeTask', 'Hello,Word', 0, NULL, 0, '2020-04-08 13:10:40');
INSERT INTO `schedule_log` VALUES ('445251270375247872', '445249186028457984', 'getTimeTask', 'Hello,Word', 0, NULL, 1, '2020-04-08 13:10:41');
INSERT INTO `schedule_log` VALUES ('445251272061358080', '445249186028457984', 'getTimeTask', 'Hello,Word', 0, NULL, 0, '2020-04-08 13:10:41');
INSERT INTO `schedule_log` VALUES ('445251274426945536', '445250936491872256', 'exceptionTask', 'Exception,Param', 1, NULL, 0, '2020-04-08 13:10:42');
INSERT INTO `schedule_log` VALUES ('445251275685236736', '445250936491872256', 'exceptionTask', 'Exception,Param', 1, NULL, 0, '2020-04-08 13:10:42');
INSERT INTO `schedule_log` VALUES ('445251277732057088', '445250936491872256', 'exceptionTask', 'Exception,Param', 1, NULL, 0, '2020-04-08 13:10:43');
INSERT INTO `schedule_log` VALUES ('445251280059895808', '445249186028457984', 'getTimeTask', 'Hello,Word', 0, NULL, 0, '2020-04-08 13:10:43');
INSERT INTO `schedule_log` VALUES ('445251281347547136', '445249186028457984', 'getTimeTask', 'Hello,Word', 0, NULL, 1, '2020-04-08 13:10:43');
INSERT INTO `schedule_log` VALUES ('445251283281121280', '445249186028457984', 'getTimeTask', 'Hello,Word', 0, NULL, 0, '2020-04-08 13:10:44');
INSERT INTO `schedule_log` VALUES ('445251350763278336', '445249186028457984', 'getTimeTask', 'Hello,Word', 0, NULL, 1, '2020-04-08 13:11:00');
INSERT INTO `schedule_log` VALUES ('445251350889107456', '445250936491872256', 'exceptionTask', 'Exception,Param', 1, NULL, 0, '2020-04-08 13:11:00');
INSERT INTO `schedule_log` VALUES ('445251602505404416', '445249186028457984', 'getTimeTask', 'Hello,Word', 0, NULL, 0, '2020-04-08 13:12:00');
INSERT INTO `schedule_log` VALUES ('445251602610262016', '445250936491872256', 'exceptionTask', 'Exception,Param', 1, NULL, 0, '2020-04-08 13:12:00');
INSERT INTO `schedule_log` VALUES ('445251854037815296', '445249186028457984', 'getTimeTask', 'Hello,Word', 0, NULL, 0, '2020-04-08 13:13:00');
INSERT INTO `schedule_log` VALUES ('445251854104924160', '445250936491872256', 'exceptionTask', 'Exception,Param', 1, NULL, 0, '2020-04-08 13:13:00');
INSERT INTO `schedule_log` VALUES ('445252105742192640', '445250936491872256', 'exceptionTask', 'Exception,Param', 1, NULL, 1, '2020-04-08 13:14:00');
INSERT INTO `schedule_log` VALUES ('445252357396238336', '445250936491872256', 'exceptionTask', 'Exception,Param', 1, NULL, 1, '2020-04-08 13:15:00');
INSERT INTO `schedule_log` VALUES ('445252609054478336', '445250936491872256', 'exceptionTask', 'Exception,Param', 1, NULL, 1, '2020-04-08 13:16:00');
INSERT INTO `schedule_log` VALUES ('445252860708524032', '445250936491872256', 'exceptionTask', 'Exception,Param', 1, NULL, 2, '2020-04-08 13:17:00');
INSERT INTO `schedule_log` VALUES ('445253112370958336', '445250936491872256', 'exceptionTask', 'Exception,Param', 1, NULL, 1, '2020-04-08 13:18:00');
INSERT INTO `schedule_log` VALUES ('445253364033392640', '445250936491872256', 'exceptionTask', 'Exception,Param', 1, NULL, 1, '2020-04-08 13:19:00');
INSERT INTO `schedule_log` VALUES ('445253615683244032', '445250936491872256', 'exceptionTask', 'Exception,Param', 1, NULL, 1, '2020-04-08 13:20:00');
INSERT INTO `schedule_log` VALUES ('445253867333095424', '445250936491872256', 'exceptionTask', 'Exception,Param', 1, NULL, 1, '2020-04-08 13:21:00');
INSERT INTO `schedule_log` VALUES ('445254119012306944', '445250936491872256', 'exceptionTask', 'Exception,Param', 1, NULL, 0, '2020-04-08 13:22:00');
INSERT INTO `schedule_log` VALUES ('445254353842999296', '445249186028457984', 'getTimeTask', 'Hello,Word', 0, NULL, 0, '2020-04-08 13:22:56');
INSERT INTO `schedule_log` VALUES ('445254370666352640', '445249186028457984', 'getTimeTask', 'Hello,Word', 0, NULL, 0, '2020-04-08 13:23:00');
INSERT INTO `schedule_log` VALUES ('445254370771210240', '445250936491872256', 'exceptionTask', 'Exception,Param', 1, NULL, 0, '2020-04-08 13:23:00');
INSERT INTO `schedule_log` VALUES ('445254622316204032', '445249186028457984', 'getTimeTask', 'Hello,Word', 0, NULL, 1, '2020-04-08 13:24:00');
INSERT INTO `schedule_log` VALUES ('445254622458810368', '445250936491872256', 'exceptionTask', 'Exception,Param', 1, NULL, 0, '2020-04-08 13:24:00');
INSERT INTO `schedule_log` VALUES ('445254873978638336', '445249186028457984', 'getTimeTask', 'Hello,Word', 0, NULL, 0, '2020-04-08 13:25:00');
INSERT INTO `schedule_log` VALUES ('445254874079301632', '445250936491872256', 'exceptionTask', 'Exception,Param', 1, NULL, 0, '2020-04-08 13:25:00');
INSERT INTO `schedule_log` VALUES ('445255131429212160', '445249186028457984', 'getTimeTask', 'Hello,Word', 0, NULL, 0, '2020-04-08 13:26:01');
INSERT INTO `schedule_log` VALUES ('445255131555041280', '445250936491872256', 'exceptionTask', 'Exception,Param', 1, NULL, 0, '2020-04-08 13:26:01');
INSERT INTO `schedule_log` VALUES ('445255438049611776', '445249186028457984', 'getTimeTask', 'Hello,Word', 0, NULL, 0, '2020-04-08 13:27:15');
INSERT INTO `schedule_log` VALUES ('445255438112526336', '445250936491872256', 'exceptionTask', 'Exception,Param', 1, NULL, 0, '2020-04-08 13:27:15');
INSERT INTO `schedule_log` VALUES ('445255628903026688', '445249186028457984', 'getTimeTask', 'Hello,Word', 0, NULL, 0, '2020-04-08 13:28:00');
INSERT INTO `schedule_log` VALUES ('445255628982718464', '445250936491872256', 'exceptionTask', 'Exception,Param', 1, NULL, 0, '2020-04-08 13:28:00');
INSERT INTO `schedule_log` VALUES ('445255880615792640', '445249186028457984', 'getTimeTask', 'Hello,Word', 0, NULL, 1, '2020-04-08 13:29:00');
INSERT INTO `schedule_log` VALUES ('445255880720650240', '445250936491872256', 'exceptionTask', 'Exception,Param', 1, NULL, 0, '2020-04-08 13:29:00');
INSERT INTO `schedule_log` VALUES ('445256108441997312', '445249186028457984', 'getTimeTask', 'Hello,Word', 0, NULL, 0, '2020-04-08 13:29:54');
INSERT INTO `schedule_log` VALUES ('445256108584603648', '445250936491872256', 'exceptionTask', 'Exception,Param', 1, 'java.lang.RuntimeException: 发生异常', 1, '2020-04-08 13:29:54');
INSERT INTO `schedule_log` VALUES ('445256132236283904', '445249186028457984', 'getTimeTask', 'Hello,Word', 0, NULL, 0, '2020-04-08 13:30:00');
INSERT INTO `schedule_log` VALUES ('445256132341141504', '445250936491872256', 'exceptionTask', 'Exception,Param', 1, 'java.lang.RuntimeException: 发生异常', 1, '2020-04-08 13:30:00');
INSERT INTO `schedule_log` VALUES ('445256383928078336', '445249186028457984', 'getTimeTask', 'Hello,Word', 0, NULL, 1, '2020-04-08 13:31:00');
INSERT INTO `schedule_log` VALUES ('445256384037130240', '445250936491872256', 'exceptionTask', 'Exception,Param', 1, 'java.lang.RuntimeException: 发生异常', 0, '2020-04-08 13:31:00');
INSERT INTO `schedule_log` VALUES ('445256635603095552', '445249186028457984', 'getTimeTask', 'Hello,Word', 0, NULL, 0, '2020-04-08 13:32:00');
INSERT INTO `schedule_log` VALUES ('445256635796033536', '445250936491872256', 'exceptionTask', 'Exception,Param', 1, 'java.lang.RuntimeException: 发生异常', 0, '2020-04-08 13:32:00');
INSERT INTO `schedule_log` VALUES ('445257138978295808', '445249186028457984', 'getTimeTask', 'Hello,Word', 0, NULL, 0, '2020-04-08 13:34:00');
INSERT INTO `schedule_log` VALUES ('445257139125096448', '445250936491872256', 'exceptionTask', 'Exception,Param', 1, 'java.lang.RuntimeException: 发生异常', 0, '2020-04-08 13:34:00');
INSERT INTO `schedule_log` VALUES ('445257390628147200', '445249186028457984', 'getTimeTask', 'Hello,Word', 0, NULL, 0, '2020-04-08 13:35:00');
INSERT INTO `schedule_log` VALUES ('445257390724616192', '445250936491872256', 'exceptionTask', 'Exception,Param', 1, 'java.lang.RuntimeException: 发生异常', 0, '2020-04-08 13:35:00');
INSERT INTO `schedule_log` VALUES ('445257893944627200', '445249186028457984', 'getTimeTask', 'Hello,Word', 0, NULL, 0, '2020-04-08 13:37:00');
INSERT INTO `schedule_log` VALUES ('445257894036901888', '445250936491872256', 'exceptionTask', 'Exception,Param', 1, 'java.lang.RuntimeException: 发生异常', 0, '2020-04-08 13:37:00');
INSERT INTO `schedule_log` VALUES ('445258145556729856', '445249186028457984', 'getTimeTask', 'Hello,Word', 0, NULL, 1, '2020-04-08 13:38:00');
INSERT INTO `schedule_log` VALUES ('445258145669976064', '445250936491872256', 'exceptionTask', 'Exception,Param', 1, 'java.lang.RuntimeException: 发生异常', 0, '2020-04-08 13:38:00');
INSERT INTO `schedule_log` VALUES ('445258397181415424', '445249186028457984', 'getTimeTask', 'Hello,Word', 0, NULL, 1, '2020-04-08 13:39:00');
INSERT INTO `schedule_log` VALUES ('445258397294661632', '445250936491872256', 'exceptionTask', 'Exception,Param', 1, 'java.lang.RuntimeException: 发生异常', 0, '2020-04-08 13:39:00');
INSERT INTO `schedule_log` VALUES ('445258648852238336', '445249186028457984', 'getTimeTask', 'Hello,Word', 0, NULL, 0, '2020-04-08 13:40:00');
INSERT INTO `schedule_log` VALUES ('445258648957095936', '445250936491872256', 'exceptionTask', 'Exception,Param', 1, 'java.lang.RuntimeException: 发生异常', 0, '2020-04-08 13:40:00');
INSERT INTO `schedule_log` VALUES ('445258900455952384', '445249186028457984', 'getTimeTask', 'Hello,Word', 0, NULL, 0, '2020-04-08 13:41:00');
INSERT INTO `schedule_log` VALUES ('445258900518866944', '445250936491872256', 'exceptionTask', 'Exception,Param', 1, 'java.lang.RuntimeException: 发生异常', 0, '2020-04-08 13:41:00');
INSERT INTO `schedule_log` VALUES ('445259152168718336', '445249186028457984', 'getTimeTask', 'Hello,Word', 0, NULL, 0, '2020-04-08 13:42:00');
INSERT INTO `schedule_log` VALUES ('445259152286158848', '445250936491872256', 'exceptionTask', 'Exception,Param', 1, 'java.lang.RuntimeException: 发生异常', 0, '2020-04-08 13:42:00');
INSERT INTO `schedule_log` VALUES ('445259403826958336', '445249186028457984', 'getTimeTask', 'Hello,Word', 0, NULL, 0, '2020-04-08 13:43:00');
INSERT INTO `schedule_log` VALUES ('445259403898261504', '445250936491872256', 'exceptionTask', 'Exception,Param', 1, 'java.lang.RuntimeException: 发生异常', 1, '2020-04-08 13:43:00');
INSERT INTO `schedule_log` VALUES ('445259655439060992', '445249186028457984', 'getTimeTask', 'Hello,Word', 0, NULL, 1, '2020-04-08 13:44:00');
INSERT INTO `schedule_log` VALUES ('445259655531335680', '445250936491872256', 'exceptionTask', 'Exception,Param', 1, 'java.lang.RuntimeException: 发生异常', 0, '2020-04-08 13:44:00');
INSERT INTO `schedule_log` VALUES ('445259907139244032', '445249186028457984', 'getTimeTask', 'Hello,Word', 0, NULL, 0, '2020-04-08 13:45:00');
INSERT INTO `schedule_log` VALUES ('445259907252490240', '445250936491872256', 'exceptionTask', 'Exception,Param', 1, 'java.lang.RuntimeException: 发生异常', 0, '2020-04-08 13:45:00');
INSERT INTO `schedule_log` VALUES ('445260158768123904', '445249186028457984', 'getTimeTask', 'Hello,Word', 0, NULL, 0, '2020-04-08 13:46:00');
INSERT INTO `schedule_log` VALUES ('445260158852009984', '445250936491872256', 'exceptionTask', 'Exception,Param', 1, 'java.lang.RuntimeException: 发生异常', 0, '2020-04-08 13:46:00');
INSERT INTO `schedule_log` VALUES ('445260410447335424', '445249186028457984', 'getTimeTask', 'Hello,Word', 0, NULL, 1, '2020-04-08 13:47:00');
INSERT INTO `schedule_log` VALUES ('445260410564775936', '445250936491872256', 'exceptionTask', 'Exception,Param', 1, 'java.lang.RuntimeException: 发生异常', 0, '2020-04-08 13:47:00');
INSERT INTO `schedule_log` VALUES ('445260913751232512', '445249186028457984', 'getTimeTask', 'Hello,Word', 0, NULL, 0, '2020-04-08 13:49:00');
INSERT INTO `schedule_log` VALUES ('445260913885450240', '445250936491872256', 'exceptionTask', 'Exception,Param', 1, 'java.lang.RuntimeException: 发生异常', 2, '2020-04-08 13:49:00');
INSERT INTO `schedule_log` VALUES ('445261165392695296', '445249186028457984', 'getTimeTask', 'Hello,Word', 0, NULL, 1, '2020-04-08 13:50:00');
INSERT INTO `schedule_log` VALUES ('445261165468192768', '445250936491872256', 'exceptionTask', 'Exception,Param', 1, 'java.lang.RuntimeException: 发生异常', 0, '2020-04-08 13:50:00');
INSERT INTO `schedule_log` VALUES ('445261417092878336', '445249186028457984', 'getTimeTask', 'Hello,Word', 0, NULL, 1, '2020-04-08 13:51:00');
INSERT INTO `schedule_log` VALUES ('445261417193541632', '445250936491872256', 'exceptionTask', 'Exception,Param', 1, 'java.lang.RuntimeException: 发生异常', 1, '2020-04-08 13:51:00');
INSERT INTO `schedule_log` VALUES ('445261668721758208', '445249186028457984', 'getTimeTask', 'Hello,Word', 0, NULL, 0, '2020-04-08 13:52:00');
INSERT INTO `schedule_log` VALUES ('445261668809838592', '445250936491872256', 'exceptionTask', 'Exception,Param', 1, 'java.lang.RuntimeException: 发生异常', 1, '2020-04-08 13:52:00');
INSERT INTO `schedule_log` VALUES ('445261920367415296', '445249186028457984', 'getTimeTask', 'Hello,Word', 0, NULL, 0, '2020-04-08 13:53:00');
INSERT INTO `schedule_log` VALUES ('445261920438718464', '445250936491872256', 'exceptionTask', 'Exception,Param', 1, 'java.lang.RuntimeException: 发生异常', 1, '2020-04-08 13:53:00');
INSERT INTO `schedule_log` VALUES ('445262172080181248', '445249186028457984', 'getTimeTask', 'Hello,Word', 0, NULL, 0, '2020-04-08 13:54:00');
INSERT INTO `schedule_log` VALUES ('445262172210204672', '445250936491872256', 'exceptionTask', 'Exception,Param', 1, 'java.lang.RuntimeException: 发生异常', 0, '2020-04-08 13:54:00');
INSERT INTO `schedule_log` VALUES ('445262423688089600', '445249186028457984', 'getTimeTask', 'Hello,Word', 0, NULL, 0, '2020-04-08 13:55:00');
INSERT INTO `schedule_log` VALUES ('445262423755198464', '445250936491872256', 'exceptionTask', 'Exception,Param', 1, 'java.lang.RuntimeException: 发生异常', 0, '2020-04-08 13:55:00');
INSERT INTO `schedule_log` VALUES ('445262675426021376', '445249186028457984', 'getTimeTask', 'Hello,Word', 0, NULL, 0, '2020-04-08 13:56:00');
INSERT INTO `schedule_log` VALUES ('445262675497324544', '445250936491872256', 'exceptionTask', 'Exception,Param', 1, 'java.lang.RuntimeException: 发生异常', 1, '2020-04-08 13:56:00');
INSERT INTO `schedule_log` VALUES ('445262927071678464', '445249186028457984', 'getTimeTask', 'Hello,Word', 0, NULL, 0, '2020-04-08 13:57:00');
INSERT INTO `schedule_log` VALUES ('445262927197507584', '445250936491872256', 'exceptionTask', 'Exception,Param', 1, 'java.lang.RuntimeException: 发生异常', 0, '2020-04-08 13:57:00');
INSERT INTO `schedule_log` VALUES ('445263430421712896', '445249186028457984', 'getTimeTask', 'Hello,Word', 0, NULL, 0, '2020-04-08 13:59:00');
INSERT INTO `schedule_log` VALUES ('445263430593679360', '445250936491872256', 'exceptionTask', 'Exception,Param', 1, 'java.lang.RuntimeException: 发生异常', 3, '2020-04-08 13:59:00');
INSERT INTO `schedule_log` VALUES ('445263682033815552', '445249186028457984', 'getTimeTask', 'Hello,Word', 0, NULL, 1, '2020-04-08 14:00:00');
INSERT INTO `schedule_log` VALUES ('445263682138673152', '445250936491872256', 'exceptionTask', 'Exception,Param', 1, 'java.lang.RuntimeException: 发生异常', 0, '2020-04-08 14:00:00');
INSERT INTO `schedule_log` VALUES ('445263933683666944', '445249186028457984', 'getTimeTask', 'Hello,Word', 0, NULL, 1, '2020-04-08 14:01:00');
INSERT INTO `schedule_log` VALUES ('445263933801107456', '445250936491872256', 'exceptionTask', 'Exception,Param', 1, 'java.lang.RuntimeException: 发生异常', 0, '2020-04-08 14:01:00');
INSERT INTO `schedule_log` VALUES ('445264185283186688', '445249186028457984', 'getTimeTask', 'Hello,Word', 0, NULL, 0, '2020-04-08 14:02:00');
INSERT INTO `schedule_log` VALUES ('445264185341906944', '445250936491872256', 'exceptionTask', 'Exception,Param', 1, 'java.lang.RuntimeException: 发生异常', 0, '2020-04-08 14:02:00');
INSERT INTO `schedule_log` VALUES ('445264436949815296', '445249186028457984', 'getTimeTask', 'Hello,Word', 0, NULL, 1, '2020-04-08 14:03:00');
INSERT INTO `schedule_log` VALUES ('445264437033701376', '445250936491872256', 'exceptionTask', 'Exception,Param', 1, 'java.lang.RuntimeException: 发生异常', 0, '2020-04-08 14:03:00');
INSERT INTO `schedule_log` VALUES ('445264688633221120', '445249186028457984', 'getTimeTask', 'Hello,Word', 0, NULL, 0, '2020-04-08 14:04:00');
INSERT INTO `schedule_log` VALUES ('445264688780021760', '445250936491872256', 'exceptionTask', 'Exception,Param', 1, 'java.lang.RuntimeException: 发生异常', 1, '2020-04-08 14:04:00');
INSERT INTO `schedule_log` VALUES ('445264940266295296', '445249186028457984', 'getTimeTask', 'Hello,Word', 0, NULL, 0, '2020-04-08 14:05:00');
INSERT INTO `schedule_log` VALUES ('445264940337598464', '445250936491872256', 'exceptionTask', 'Exception,Param', 1, 'java.lang.RuntimeException: 发生异常', 0, '2020-04-08 14:05:00');
INSERT INTO `schedule_log` VALUES ('445265191974866944', '445249186028457984', 'getTimeTask', 'Hello,Word', 0, NULL, 1, '2020-04-08 14:06:00');
INSERT INTO `schedule_log` VALUES ('445265192100696064', '445250936491872256', 'exceptionTask', 'Exception,Param', 1, 'java.lang.RuntimeException: 发生异常', 1, '2020-04-08 14:06:00');
INSERT INTO `schedule_log` VALUES ('445300006543560704', '445249186028457984', 'getTimeTask', 'Hello,Word', 0, NULL, 0, '2020-04-08 16:24:20');
INSERT INTO `schedule_log` VALUES ('445300172428283904', '445249186028457984', 'getTimeTask', 'Hello,Word', 0, NULL, 0, '2020-04-08 16:25:00');
INSERT INTO `schedule_log` VALUES ('445300172503781376', '445250936491872256', 'exceptionTask', 'Exception,Param', 1, 'java.lang.RuntimeException: 发生异常', 0, '2020-04-08 16:25:00');
INSERT INTO `schedule_log` VALUES ('445300424107495424', '445249186028457984', 'getTimeTask', 'Hello,Word', 0, NULL, 0, '2020-04-08 16:26:00');
INSERT INTO `schedule_log` VALUES ('445300424237518848', '445250936491872256', 'exceptionTask', 'Exception,Param', 1, 'java.lang.RuntimeException: 发生异常', 0, '2020-04-08 16:26:00');
INSERT INTO `schedule_log` VALUES ('445300675732180992', '445249186028457984', 'getTimeTask', 'Hello,Word', 0, NULL, 0, '2020-04-08 16:27:00');
INSERT INTO `schedule_log` VALUES ('445300675824455680', '445250936491872256', 'exceptionTask', 'Exception,Param', 1, 'java.lang.RuntimeException: 发生异常', 0, '2020-04-08 16:27:00');
INSERT INTO `schedule_log` VALUES ('445300927440752640', '445249186028457984', 'getTimeTask', 'Hello,Word', 0, NULL, 1, '2020-04-08 16:28:00');
INSERT INTO `schedule_log` VALUES ('445300927549804544', '445250936491872256', 'exceptionTask', 'Exception,Param', 1, 'java.lang.RuntimeException: 发生异常', 0, '2020-04-08 16:28:00');
INSERT INTO `schedule_log` VALUES ('445301179082215424', '445249186028457984', 'getTimeTask', 'Hello,Word', 0, NULL, 1, '2020-04-08 16:29:00');
INSERT INTO `schedule_log` VALUES ('445301179182878720', '445250936491872256', 'exceptionTask', 'Exception,Param', 1, 'java.lang.RuntimeException: 发生异常', 0, '2020-04-08 16:29:00');
INSERT INTO `schedule_log` VALUES ('445301430740455424', '445249186028457984', 'getTimeTask', 'Hello,Word', 0, NULL, 1, '2020-04-08 16:30:00');
INSERT INTO `schedule_log` VALUES ('445301430841118720', '445250936491872256', 'exceptionTask', 'Exception,Param', 1, 'java.lang.RuntimeException: 发生异常', 0, '2020-04-08 16:30:00');
INSERT INTO `schedule_log` VALUES ('445301682348363776', '445249186028457984', 'getTimeTask', 'Hello,Word', 0, NULL, 1, '2020-04-08 16:31:00');
INSERT INTO `schedule_log` VALUES ('445301682407084032', '445250936491872256', 'exceptionTask', 'Exception,Param', 1, 'java.lang.RuntimeException: 发生异常', 0, '2020-04-08 16:31:00');
INSERT INTO `schedule_log` VALUES ('445301934035963904', '445249186028457984', 'getTimeTask', 'Hello,Word', 0, NULL, 0, '2020-04-08 16:32:00');
INSERT INTO `schedule_log` VALUES ('445301934119849984', '445250936491872256', 'exceptionTask', 'Exception,Param', 1, 'java.lang.RuntimeException: 发生异常', 0, '2020-04-08 16:32:00');
INSERT INTO `schedule_log` VALUES ('445302008044457984', '445249186028457984', 'getTimeTask', 'Hello,Word', 0, NULL, 0, '2020-04-08 16:32:18');
INSERT INTO `schedule_log` VALUES ('445302185715175424', '445249186028457984', 'getTimeTask', 'Hello,Word', 0, NULL, 1, '2020-04-08 16:33:00');
INSERT INTO `schedule_log` VALUES ('445302185849393152', '445250936491872256', 'exceptionTask', 'Exception,Param', 1, 'java.lang.RuntimeException: 发生异常', 1, '2020-04-08 16:33:00');
INSERT INTO `schedule_log` VALUES ('445302437369221120', '445249186028457984', 'getTimeTask', 'Hello,Word', 0, NULL, 1, '2020-04-08 16:34:00');
INSERT INTO `schedule_log` VALUES ('445302437436329984', '445250936491872256', 'exceptionTask', 'Exception,Param', 1, 'java.lang.RuntimeException: 发生异常', 1, '2020-04-08 16:34:00');
INSERT INTO `schedule_log` VALUES ('445302689027461120', '445249186028457984', 'getTimeTask', 'Hello,Word', 0, NULL, 1, '2020-04-08 16:35:00');
INSERT INTO `schedule_log` VALUES ('445302689136513024', '445250936491872256', 'exceptionTask', 'Exception,Param', 1, 'java.lang.RuntimeException: 发生异常', 0, '2020-04-08 16:35:00');
INSERT INTO `schedule_log` VALUES ('445302940702478336', '445249186028457984', 'getTimeTask', 'Hello,Word', 0, NULL, 1, '2020-04-08 16:36:00');
INSERT INTO `schedule_log` VALUES ('445302940807335936', '445250936491872256', 'exceptionTask', 'Exception,Param', 1, 'java.lang.RuntimeException: 发生异常', 0, '2020-04-08 16:36:00');
INSERT INTO `schedule_log` VALUES ('445303192352329728', '445249186028457984', 'getTimeTask', 'Hello,Word', 0, NULL, 1, '2020-04-08 16:37:00');
INSERT INTO `schedule_log` VALUES ('445303192452993024', '445250936491872256', 'exceptionTask', 'Exception,Param', 1, 'java.lang.RuntimeException: 发生异常', 0, '2020-04-08 16:37:00');
INSERT INTO `schedule_log` VALUES ('445303444018958336', '445249186028457984', 'getTimeTask', 'Hello,Word', 0, NULL, 2, '2020-04-08 16:38:00');
INSERT INTO `schedule_log` VALUES ('445303444111233024', '445250936491872256', 'exceptionTask', 'Exception,Param', 1, 'java.lang.RuntimeException: 发生异常', 0, '2020-04-08 16:38:00');
INSERT INTO `schedule_log` VALUES ('445303695673004032', '445249186028457984', 'getTimeTask', 'Hello,Word', 0, NULL, 0, '2020-04-08 16:39:00');
INSERT INTO `schedule_log` VALUES ('445303695773667328', '445250936491872256', 'exceptionTask', 'Exception,Param', 1, 'java.lang.RuntimeException: 发生异常', 0, '2020-04-08 16:39:00');
INSERT INTO `schedule_log` VALUES ('445303947276718080', '445249186028457984', 'getTimeTask', 'Hello,Word', 0, NULL, 0, '2020-04-08 16:40:00');
INSERT INTO `schedule_log` VALUES ('445303947352215552', '445250936491872256', 'exceptionTask', 'Exception,Param', 1, 'java.lang.RuntimeException: 发生异常', 0, '2020-04-08 16:40:00');
INSERT INTO `schedule_log` VALUES ('445304198943346688', '445249186028457984', 'getTimeTask', 'Hello,Word', 0, NULL, 0, '2020-04-08 16:41:00');
INSERT INTO `schedule_log` VALUES ('445304198993678336', '445250936491872256', 'exceptionTask', 'Exception,Param', 1, 'java.lang.RuntimeException: 发生异常', 1, '2020-04-08 16:41:00');
INSERT INTO `schedule_log` VALUES ('445304450601586688', '445249186028457984', 'getTimeTask', 'Hello,Word', 0, NULL, 0, '2020-04-08 16:42:00');
INSERT INTO `schedule_log` VALUES ('445304450685472768', '445250936491872256', 'exceptionTask', 'Exception,Param', 1, 'java.lang.RuntimeException: 发生异常', 0, '2020-04-08 16:42:00');
INSERT INTO `schedule_log` VALUES ('445304702293381120', '445249186028457984', 'getTimeTask', 'Hello,Word', 0, NULL, 0, '2020-04-08 16:43:00');
INSERT INTO `schedule_log` VALUES ('445304702402433024', '445250936491872256', 'exceptionTask', 'Exception,Param', 1, 'java.lang.RuntimeException: 发生异常', 0, '2020-04-08 16:43:00');
INSERT INTO `schedule_log` VALUES ('445304953960009728', '445249186028457984', 'getTimeTask', 'Hello,Word', 0, NULL, 0, '2020-04-08 16:44:00');
INSERT INTO `schedule_log` VALUES ('445304954060673024', '445250936491872256', 'exceptionTask', 'Exception,Param', 1, 'java.lang.RuntimeException: 发生异常', 1, '2020-04-08 16:44:00');
INSERT INTO `schedule_log` VALUES ('445305205605666816', '445249186028457984', 'getTimeTask', 'Hello,Word', 0, NULL, 1, '2020-04-08 16:45:00');
INSERT INTO `schedule_log` VALUES ('445305205718913024', '445250936491872256', 'exceptionTask', 'Exception,Param', 1, 'java.lang.RuntimeException: 发生异常', 0, '2020-04-08 16:45:00');
INSERT INTO `schedule_log` VALUES ('445305457242935296', '445249186028457984', 'getTimeTask', 'Hello,Word', 0, NULL, 0, '2020-04-08 16:46:00');
INSERT INTO `schedule_log` VALUES ('445305457347792896', '445250936491872256', 'exceptionTask', 'Exception,Param', 1, 'java.lang.RuntimeException: 发生异常', 0, '2020-04-08 16:46:00');
INSERT INTO `schedule_log` VALUES ('445305708930535424', '445249186028457984', 'getTimeTask', 'Hello,Word', 0, NULL, 0, '2020-04-08 16:47:00');
INSERT INTO `schedule_log` VALUES ('445305709039587328', '445250936491872256', 'exceptionTask', 'Exception,Param', 1, 'java.lang.RuntimeException: 发生异常', 0, '2020-04-08 16:47:00');
INSERT INTO `schedule_log` VALUES ('445305960584581120', '445249186028457984', 'getTimeTask', 'Hello,Word', 0, NULL, 0, '2020-04-08 16:48:00');
INSERT INTO `schedule_log` VALUES ('445305960697827328', '445250936491872256', 'exceptionTask', 'Exception,Param', 1, 'java.lang.RuntimeException: 发生异常', 0, '2020-04-08 16:48:00');
INSERT INTO `schedule_log` VALUES ('445306212221849600', '445249186028457984', 'getTimeTask', 'Hello,Word', 0, NULL, 0, '2020-04-08 16:49:00');
INSERT INTO `schedule_log` VALUES ('445306212301541376', '445250936491872256', 'exceptionTask', 'Exception,Param', 1, 'java.lang.RuntimeException: 发生异常', 0, '2020-04-08 16:49:00');
INSERT INTO `schedule_log` VALUES ('445306463863312384', '445249186028457984', 'getTimeTask', 'Hello,Word', 0, NULL, 0, '2020-04-08 16:50:00');
INSERT INTO `schedule_log` VALUES ('445306463917838336', '445250936491872256', 'exceptionTask', 'Exception,Param', 1, 'java.lang.RuntimeException: 发生异常', 0, '2020-04-08 16:50:00');
INSERT INTO `schedule_log` VALUES ('445306715559301120', '445249186028457984', 'getTimeTask', 'Hello,Word', 0, NULL, 1, '2020-04-08 16:51:00');
INSERT INTO `schedule_log` VALUES ('445306715689324544', '445250936491872256', 'exceptionTask', 'Exception,Param', 1, 'java.lang.RuntimeException: 发生异常', 0, '2020-04-08 16:51:00');
INSERT INTO `schedule_log` VALUES ('445306967213346816', '445249186028457984', 'getTimeTask', 'Hello,Word', 0, NULL, 0, '2020-04-08 16:52:00');
INSERT INTO `schedule_log` VALUES ('445306967318204416', '445250936491872256', 'exceptionTask', 'Exception,Param', 1, 'java.lang.RuntimeException: 发生异常', 0, '2020-04-08 16:52:00');
INSERT INTO `schedule_log` VALUES ('445307218879975424', '445249186028457984', 'getTimeTask', 'Hello,Word', 0, NULL, 0, '2020-04-08 16:53:00');
INSERT INTO `schedule_log` VALUES ('445307219005804544', '445250936491872256', 'exceptionTask', 'Exception,Param', 1, 'java.lang.RuntimeException: 发生异常', 0, '2020-04-08 16:53:00');
INSERT INTO `schedule_log` VALUES ('445307470513049600', '445249186028457984', 'getTimeTask', 'Hello,Word', 0, NULL, 0, '2020-04-08 16:54:00');
INSERT INTO `schedule_log` VALUES ('445307470605324288', '445250936491872256', 'exceptionTask', 'Exception,Param', 1, 'java.lang.RuntimeException: 发生异常', 0, '2020-04-08 16:54:00');
INSERT INTO `schedule_log` VALUES ('445307722146123776', '445249186028457984', 'getTimeTask', 'Hello,Word', 0, NULL, 0, '2020-04-08 16:55:00');
INSERT INTO `schedule_log` VALUES ('445307722209038336', '445250936491872256', 'exceptionTask', 'Exception,Param', 1, 'java.lang.RuntimeException: 发生异常', 0, '2020-04-08 16:55:00');
INSERT INTO `schedule_log` VALUES ('445307973825335296', '445249186028457984', 'getTimeTask', 'Hello,Word', 0, NULL, 0, '2020-04-08 16:56:00');
INSERT INTO `schedule_log` VALUES ('445307973917609984', '445250936491872256', 'exceptionTask', 'Exception,Param', 1, 'java.lang.RuntimeException: 发生异常', 0, '2020-04-08 16:56:00');
INSERT INTO `schedule_log` VALUES ('445308225517129728', '445249186028457984', 'getTimeTask', 'Hello,Word', 0, NULL, 0, '2020-04-08 16:57:00');
INSERT INTO `schedule_log` VALUES ('445308225638764544', '445250936491872256', 'exceptionTask', 'Exception,Param', 1, 'java.lang.RuntimeException: 发生异常', 1, '2020-04-08 16:57:00');
INSERT INTO `schedule_log` VALUES ('445308477175369728', '445249186028457984', 'getTimeTask', 'Hello,Word', 0, NULL, 0, '2020-04-08 16:58:00');
INSERT INTO `schedule_log` VALUES ('445308477284421632', '445250936491872256', 'exceptionTask', 'Exception,Param', 1, 'java.lang.RuntimeException: 发生异常', 0, '2020-04-08 16:58:00');
INSERT INTO `schedule_log` VALUES ('445308728829415424', '445249186028457984', 'getTimeTask', 'Hello,Word', 0, NULL, 1, '2020-04-08 16:59:00');
INSERT INTO `schedule_log` VALUES ('445308728946855936', '445250936491872256', 'exceptionTask', 'Exception,Param', 1, 'java.lang.RuntimeException: 发生异常', 0, '2020-04-08 16:59:00');
INSERT INTO `schedule_log` VALUES ('445308980592513024', '445249186028457984', 'getTimeTask', 'Hello,Word', 0, NULL, 0, '2020-04-08 17:00:00');
INSERT INTO `schedule_log` VALUES ('445308980655427584', '445250936491872256', 'exceptionTask', 'Exception,Param', 1, 'java.lang.RuntimeException: 发生异常', 0, '2020-04-08 17:00:00');
INSERT INTO `schedule_log` VALUES ('445309232326250496', '445249186028457984', 'getTimeTask', 'Hello,Word', 0, NULL, 0, '2020-04-08 17:01:00');
INSERT INTO `schedule_log` VALUES ('445309232405942272', '445250936491872256', 'exceptionTask', 'Exception,Param', 1, 'java.lang.RuntimeException: 发生异常', 0, '2020-04-08 17:01:00');
INSERT INTO `schedule_log` VALUES ('445309483778969600', '445249186028457984', 'getTimeTask', 'Hello,Word', 0, NULL, 0, '2020-04-08 17:02:00');
INSERT INTO `schedule_log` VALUES ('445309483871244288', '445250936491872256', 'exceptionTask', 'Exception,Param', 1, 'java.lang.RuntimeException: 发生异常', 0, '2020-04-08 17:02:00');
INSERT INTO `schedule_log` VALUES ('445309735458181120', '445249186028457984', 'getTimeTask', 'Hello,Word', 0, NULL, 0, '2020-04-08 17:03:00');
INSERT INTO `schedule_log` VALUES ('445309735579815936', '445250936491872256', 'exceptionTask', 'Exception,Param', 1, 'java.lang.RuntimeException: 发生异常', 1, '2020-04-08 17:03:00');
INSERT INTO `schedule_log` VALUES ('445309987246444544', '445249186028457984', 'getTimeTask', 'Hello,Word', 0, NULL, 1, '2020-04-08 17:04:00');
INSERT INTO `schedule_log` VALUES ('445309987326136320', '445250936491872256', 'exceptionTask', 'Exception,Param', 1, 'java.lang.RuntimeException: 发生异常', 0, '2020-04-08 17:04:00');
INSERT INTO `schedule_log` VALUES ('445310238783049728', '445249186028457984', 'getTimeTask', 'Hello,Word', 0, NULL, 1, '2020-04-08 17:05:00');
INSERT INTO `schedule_log` VALUES ('445310238900490240', '445250936491872256', 'exceptionTask', 'Exception,Param', 1, 'java.lang.RuntimeException: 发生异常', 0, '2020-04-08 17:05:00');
INSERT INTO `schedule_log` VALUES ('445310490411929600', '445249186028457984', 'getTimeTask', 'Hello,Word', 0, NULL, 0, '2020-04-08 17:06:00');
INSERT INTO `schedule_log` VALUES ('445310490504204288', '445250936491872256', 'exceptionTask', 'Exception,Param', 1, 'java.lang.RuntimeException: 发生异常', 1, '2020-04-08 17:06:00');
INSERT INTO `schedule_log` VALUES ('445310742099529728', '445249186028457984', 'getTimeTask', 'Hello,Word', 0, NULL, 1, '2020-04-08 17:07:00');
INSERT INTO `schedule_log` VALUES ('445310742225358848', '445250936491872256', 'exceptionTask', 'Exception,Param', 1, 'java.lang.RuntimeException: 发生异常', 0, '2020-04-08 17:07:00');
INSERT INTO `schedule_log` VALUES ('445310993778741248', '445249186028457984', 'getTimeTask', 'Hello,Word', 0, NULL, 0, '2020-04-08 17:08:00');
INSERT INTO `schedule_log` VALUES ('445310993883598848', '445250936491872256', 'exceptionTask', 'Exception,Param', 1, 'java.lang.RuntimeException: 发生异常', 1, '2020-04-08 17:08:00');
INSERT INTO `schedule_log` VALUES ('445311245499895808', '445249186028457984', 'getTimeTask', 'Hello,Word', 0, NULL, 0, '2020-04-08 17:09:00');
INSERT INTO `schedule_log` VALUES ('445311245575393280', '445250936491872256', 'exceptionTask', 'Exception,Param', 1, 'java.lang.RuntimeException: 发生异常', 0, '2020-04-08 17:09:00');
INSERT INTO `schedule_log` VALUES ('445311497061666816', '445249186028457984', 'getTimeTask', 'Hello,Word', 0, NULL, 0, '2020-04-08 17:10:00');
INSERT INTO `schedule_log` VALUES ('445311497153941504', '445250936491872256', 'exceptionTask', 'Exception,Param', 1, 'java.lang.RuntimeException: 发生异常', 0, '2020-04-08 17:10:00');
INSERT INTO `schedule_log` VALUES ('445311748812181504', '445249186028457984', 'getTimeTask', 'Hello,Word', 0, NULL, 0, '2020-04-08 17:11:00');
INSERT INTO `schedule_log` VALUES ('445311748879290368', '445250936491872256', 'exceptionTask', 'Exception,Param', 1, 'java.lang.RuntimeException: 发生异常', 0, '2020-04-08 17:11:00');
INSERT INTO `schedule_log` VALUES ('445312000399118336', '445249186028457984', 'getTimeTask', 'Hello,Word', 0, NULL, 0, '2020-04-08 17:12:00');
INSERT INTO `schedule_log` VALUES ('445312000524947456', '445250936491872256', 'exceptionTask', 'Exception,Param', 1, 'java.lang.RuntimeException: 发生异常', 0, '2020-04-08 17:12:00');
INSERT INTO `schedule_log` VALUES ('445312251990249472', '445249186028457984', 'getTimeTask', 'Hello,Word', 0, NULL, 0, '2020-04-08 17:13:00');
INSERT INTO `schedule_log` VALUES ('445312252061552640', '445250936491872256', 'exceptionTask', 'Exception,Param', 1, 'java.lang.RuntimeException: 发生异常', 0, '2020-04-08 17:13:00');
INSERT INTO `schedule_log` VALUES ('445312503711404032', '445249186028457984', 'getTimeTask', 'Hello,Word', 0, NULL, 1, '2020-04-08 17:14:00');
INSERT INTO `schedule_log` VALUES ('445312503816261632', '445250936491872256', 'exceptionTask', 'Exception,Param', 1, 'java.lang.RuntimeException: 发生异常', 0, '2020-04-08 17:14:00');
INSERT INTO `schedule_log` VALUES ('445312755365449728', '445249186028457984', 'getTimeTask', 'Hello,Word', 0, NULL, 1, '2020-04-08 17:15:00');
INSERT INTO `schedule_log` VALUES ('445312755474501632', '445250936491872256', 'exceptionTask', 'Exception,Param', 1, 'java.lang.RuntimeException: 发生异常', 0, '2020-04-08 17:15:00');
INSERT INTO `schedule_log` VALUES ('445313007015301120', '445249186028457984', 'getTimeTask', 'Hello,Word', 0, NULL, 0, '2020-04-08 17:16:00');
INSERT INTO `schedule_log` VALUES ('445313007132741632', '445250936491872256', 'exceptionTask', 'Exception,Param', 1, 'java.lang.RuntimeException: 发生异常', 1, '2020-04-08 17:16:00');
INSERT INTO `schedule_log` VALUES ('445313258631598080', '445249186028457984', 'getTimeTask', 'Hello,Word', 0, NULL, 0, '2020-04-08 17:17:00');
INSERT INTO `schedule_log` VALUES ('445313258702901248', '445250936491872256', 'exceptionTask', 'Exception,Param', 1, 'java.lang.RuntimeException: 发生异常', 0, '2020-04-08 17:17:00');
INSERT INTO `schedule_log` VALUES ('445313510331781120', '445249186028457984', 'getTimeTask', 'Hello,Word', 0, NULL, 1, '2020-04-08 17:18:00');
INSERT INTO `schedule_log` VALUES ('445313510445027328', '445250936491872256', 'exceptionTask', 'Exception,Param', 1, 'java.lang.RuntimeException: 发生异常', 1, '2020-04-08 17:18:00');
INSERT INTO `schedule_log` VALUES ('445313761998409728', '445249186028457984', 'getTimeTask', 'Hello,Word', 0, NULL, 0, '2020-04-08 17:19:00');
INSERT INTO `schedule_log` VALUES ('445313762124238848', '445250936491872256', 'exceptionTask', 'Exception,Param', 1, 'java.lang.RuntimeException: 发生异常', 0, '2020-04-08 17:19:00');
INSERT INTO `schedule_log` VALUES ('445314013635678208', '445249186028457984', 'getTimeTask', 'Hello,Word', 0, NULL, 0, '2020-04-08 17:20:00');
INSERT INTO `schedule_log` VALUES ('445314013723758592', '445250936491872256', 'exceptionTask', 'Exception,Param', 1, 'java.lang.RuntimeException: 发生异常', 0, '2020-04-08 17:20:00');
INSERT INTO `schedule_log` VALUES ('445314265319084032', '445249186028457984', 'getTimeTask', 'Hello,Word', 0, NULL, 1, '2020-04-08 17:21:00');
INSERT INTO `schedule_log` VALUES ('445314265419747328', '445250936491872256', 'exceptionTask', 'Exception,Param', 1, 'java.lang.RuntimeException: 发生异常', 0, '2020-04-08 17:21:00');
INSERT INTO `schedule_log` VALUES ('445314516968935424', '445249186028457984', 'getTimeTask', 'Hello,Word', 0, NULL, 0, '2020-04-08 17:22:00');
INSERT INTO `schedule_log` VALUES ('445314517082181632', '445250936491872256', 'exceptionTask', 'Exception,Param', 1, 'java.lang.RuntimeException: 发生异常', 0, '2020-04-08 17:22:00');
INSERT INTO `schedule_log` VALUES ('445314768639758336', '445249186028457984', 'getTimeTask', 'Hello,Word', 0, NULL, 1, '2020-04-08 17:23:00');
INSERT INTO `schedule_log` VALUES ('445314768744615936', '445250936491872256', 'exceptionTask', 'Exception,Param', 1, 'java.lang.RuntimeException: 发生异常', 0, '2020-04-08 17:23:00');
INSERT INTO `schedule_log` VALUES ('445315020297998336', '445249186028457984', 'getTimeTask', 'Hello,Word', 0, NULL, 1, '2020-04-08 17:24:00');
INSERT INTO `schedule_log` VALUES ('445315020407050240', '445250936491872256', 'exceptionTask', 'Exception,Param', 1, 'java.lang.RuntimeException: 发生异常', 0, '2020-04-08 17:24:00');
INSERT INTO `schedule_log` VALUES ('445315271901712384', '445249186028457984', 'getTimeTask', 'Hello,Word', 0, NULL, 0, '2020-04-08 17:25:00');
INSERT INTO `schedule_log` VALUES ('445315271968821248', '445250936491872256', 'exceptionTask', 'Exception,Param', 1, 'java.lang.RuntimeException: 发生异常', 0, '2020-04-08 17:25:00');
INSERT INTO `schedule_log` VALUES ('445315523610284032', '445249186028457984', 'getTimeTask', 'Hello,Word', 0, NULL, 1, '2020-04-08 17:26:00');
INSERT INTO `schedule_log` VALUES ('445315523723530240', '445250936491872256', 'exceptionTask', 'Exception,Param', 1, 'java.lang.RuntimeException: 发生异常', 0, '2020-04-08 17:26:00');
INSERT INTO `schedule_log` VALUES ('445315775209803776', '445249186028457984', 'getTimeTask', 'Hello,Word', 0, NULL, 0, '2020-04-08 17:27:00');
INSERT INTO `schedule_log` VALUES ('445315775268524032', '445250936491872256', 'exceptionTask', 'Exception,Param', 1, 'java.lang.RuntimeException: 发生异常', 0, '2020-04-08 17:27:00');
INSERT INTO `schedule_log` VALUES ('445316026914181120', '445249186028457984', 'getTimeTask', 'Hello,Word', 0, NULL, 0, '2020-04-08 17:28:00');
INSERT INTO `schedule_log` VALUES ('445316027006455808', '445250936491872256', 'exceptionTask', 'Exception,Param', 1, 'java.lang.RuntimeException: 发生异常', 0, '2020-04-08 17:28:00');
INSERT INTO `schedule_log` VALUES ('445316278580809728', '445249186028457984', 'getTimeTask', 'Hello,Word', 0, NULL, 0, '2020-04-08 17:29:00');
INSERT INTO `schedule_log` VALUES ('445316278652112896', '445250936491872256', 'exceptionTask', 'Exception,Param', 1, 'java.lang.RuntimeException: 发生异常', 0, '2020-04-08 17:29:00');
INSERT INTO `schedule_log` VALUES ('445316530234855424', '445249186028457984', 'getTimeTask', 'Hello,Word', 0, NULL, 1, '2020-04-08 17:30:00');
INSERT INTO `schedule_log` VALUES ('445316530348101632', '445250936491872256', 'exceptionTask', 'Exception,Param', 1, 'java.lang.RuntimeException: 发生异常', 0, '2020-04-08 17:30:00');
INSERT INTO `schedule_log` VALUES ('445316781901484032', '445249186028457984', 'getTimeTask', 'Hello,Word', 0, NULL, 0, '2020-04-08 17:31:00');
INSERT INTO `schedule_log` VALUES ('445316782010535936', '445250936491872256', 'exceptionTask', 'Exception,Param', 1, 'java.lang.RuntimeException: 发生异常', 1, '2020-04-08 17:31:00');
INSERT INTO `schedule_log` VALUES ('445317285297655808', '445249186028457984', 'getTimeTask', 'Hello,Word', 0, NULL, 0, '2020-04-08 17:33:00');
INSERT INTO `schedule_log` VALUES ('445317285385736192', '445250936491872256', 'exceptionTask', 'Exception,Param', 1, 'java.lang.RuntimeException: 发生异常', 0, '2020-04-08 17:33:00');
INSERT INTO `schedule_log` VALUES ('445317536880398336', '445249186028457984', 'getTimeTask', 'Hello,Word', 0, NULL, 1, '2020-04-08 17:34:00');
INSERT INTO `schedule_log` VALUES ('445317536997838848', '445250936491872256', 'exceptionTask', 'Exception,Param', 1, 'java.lang.RuntimeException: 发生异常', 0, '2020-04-08 17:34:00');
INSERT INTO `schedule_log` VALUES ('445317788547026944', '445249186028457984', 'getTimeTask', 'Hello,Word', 0, NULL, 1, '2020-04-08 17:35:00');
INSERT INTO `schedule_log` VALUES ('445317788656078848', '445250936491872256', 'exceptionTask', 'Exception,Param', 1, 'java.lang.RuntimeException: 发生异常', 1, '2020-04-08 17:35:00');
INSERT INTO `schedule_log` VALUES ('445318040268181504', '445249186028457984', 'getTimeTask', 'Hello,Word', 0, NULL, 1, '2020-04-08 17:36:00');
INSERT INTO `schedule_log` VALUES ('445318040507256832', '445250936491872256', 'exceptionTask', 'Exception,Param', 1, 'java.lang.RuntimeException: 发生异常', 0, '2020-04-08 17:36:00');
INSERT INTO `schedule_log` VALUES ('445375166680272896', '445249186028457984', 'getTimeTask', 'Hello,Word', 0, NULL, 1, '2020-04-08 21:23:00');
INSERT INTO `schedule_log` VALUES ('445375166776741888', '445250936491872256', 'exceptionTask', 'Exception,Param', 1, 'java.lang.RuntimeException: 发生异常', 0, '2020-04-08 21:23:00');
INSERT INTO `schedule_log` VALUES ('445375692750852096', '445249186028457984', 'getTimeTask', 'Hello,Word', 0, NULL, 0, '2020-04-08 21:25:05');
INSERT INTO `schedule_log` VALUES ('445375692893458432', '445250936491872256', 'exceptionTask', 'Exception,Param', 1, 'java.lang.RuntimeException: 发生异常', 1, '2020-04-08 21:25:05');
INSERT INTO `schedule_log` VALUES ('445375793728720896', '445249186028457984', 'getTimeTask', 'Hello,Word', 0, NULL, 0, '2020-04-08 21:25:30');
INSERT INTO `schedule_log` VALUES ('445375921604661248', '445249186028457984', 'getTimeTask', 'Hello,Word', 0, NULL, 0, '2020-04-08 21:26:00');
INSERT INTO `schedule_log` VALUES ('445375921701130240', '445250936491872256', 'exceptionTask', 'Exception,Param', 1, 'java.lang.RuntimeException: 发生异常', 0, '2020-04-08 21:26:00');
INSERT INTO `schedule_log` VALUES ('445376173250318336', '445249186028457984', 'getTimeTask', 'Hello,Word', 0, NULL, 1, '2020-04-08 21:27:00');
INSERT INTO `schedule_log` VALUES ('445376173359370240', '445250936491872256', 'exceptionTask', 'Exception,Param', 1, 'java.lang.RuntimeException: 发生异常', 0, '2020-04-08 21:27:00');
INSERT INTO `schedule_log` VALUES ('445376332214439936', '445249186028457984', 'getTimeTask', 'Hello,Word', 0, NULL, 0, '2020-04-08 21:27:38');
INSERT INTO `schedule_log` VALUES ('445376424925335552', '445249186028457984', 'getTimeTask', 'Hello,Word', 0, NULL, 0, '2020-04-08 21:28:00');
INSERT INTO `schedule_log` VALUES ('445376425025998848', '445250936491872256', 'exceptionTask', 'Exception,Param', 1, 'java.lang.RuntimeException: 发生异常', 0, '2020-04-08 21:28:00');
INSERT INTO `schedule_log` VALUES ('445376676575186944', '445249186028457984', 'getTimeTask', 'Hello,Word', 0, NULL, 1, '2020-04-08 21:29:00');
INSERT INTO `schedule_log` VALUES ('445376676726181888', '445250936491872256', 'exceptionTask', 'Exception,Param', 1, 'java.lang.RuntimeException: 发生异常', 0, '2020-04-08 21:29:00');
INSERT INTO `schedule_log` VALUES ('445376928225038336', '445249186028457984', 'getTimeTask', 'Hello,Word', 0, NULL, 1, '2020-04-08 21:30:00');
INSERT INTO `schedule_log` VALUES ('445376928325701632', '445250936491872256', 'exceptionTask', 'Exception,Param', 1, 'java.lang.RuntimeException: 发生异常', 1, '2020-04-08 21:30:00');
INSERT INTO `schedule_log` VALUES ('445377179883278336', '445249186028457984', 'getTimeTask', 'Hello,Word', 0, NULL, 1, '2020-04-08 21:31:00');
INSERT INTO `schedule_log` VALUES ('445377179983941632', '445250936491872256', 'exceptionTask', 'Exception,Param', 1, 'java.lang.RuntimeException: 发生异常', 0, '2020-04-08 21:31:00');
INSERT INTO `schedule_log` VALUES ('445377431562489856', '445249186028457984', 'getTimeTask', 'Hello,Word', 0, NULL, 0, '2020-04-08 21:32:00');
INSERT INTO `schedule_log` VALUES ('445377431663153152', '445250936491872256', 'exceptionTask', 'Exception,Param', 1, 'java.lang.RuntimeException: 发生异常', 0, '2020-04-08 21:32:00');
INSERT INTO `schedule_log` VALUES ('445377683195564032', '445249186028457984', 'getTimeTask', 'Hello,Word', 0, NULL, 1, '2020-04-08 21:33:00');
INSERT INTO `schedule_log` VALUES ('445377683292033024', '445250936491872256', 'exceptionTask', 'Exception,Param', 1, 'java.lang.RuntimeException: 发生异常', 0, '2020-04-08 21:33:00');
INSERT INTO `schedule_log` VALUES ('445377934853804032', '445249186028457984', 'getTimeTask', 'Hello,Word', 0, NULL, 0, '2020-04-08 21:34:00');
INSERT INTO `schedule_log` VALUES ('445377934958661632', '445250936491872256', 'exceptionTask', 'Exception,Param', 1, 'java.lang.RuntimeException: 发生异常', 0, '2020-04-08 21:34:00');
INSERT INTO `schedule_log` VALUES ('445378186528821248', '445249186028457984', 'getTimeTask', 'Hello,Word', 0, NULL, 0, '2020-04-08 21:35:00');
INSERT INTO `schedule_log` VALUES ('445378186616901632', '445250936491872256', 'exceptionTask', 'Exception,Param', 1, 'java.lang.RuntimeException: 发生异常', 0, '2020-04-08 21:35:00');
INSERT INTO `schedule_log` VALUES ('445378438161895424', '445249186028457984', 'getTimeTask', 'Hello,Word', 0, NULL, 0, '2020-04-08 21:36:00');
INSERT INTO `schedule_log` VALUES ('445378438245781504', '445250936491872256', 'exceptionTask', 'Exception,Param', 1, 'java.lang.RuntimeException: 发生异常', 0, '2020-04-08 21:36:00');
INSERT INTO `schedule_log` VALUES ('445378689765609472', '445249186028457984', 'getTimeTask', 'Hello,Word', 0, NULL, 1, '2020-04-08 21:37:00');
INSERT INTO `schedule_log` VALUES ('445378689828524032', '445250936491872256', 'exceptionTask', 'Exception,Param', 1, 'java.lang.RuntimeException: 发生异常', 0, '2020-04-08 21:37:00');
INSERT INTO `schedule_log` VALUES ('445378941532901376', '445249186028457984', 'getTimeTask', 'Hello,Word', 0, NULL, 0, '2020-04-08 21:38:00');
INSERT INTO `schedule_log` VALUES ('445378941675507712', '445250936491872256', 'exceptionTask', 'Exception,Param', 1, 'java.lang.RuntimeException: 发生异常', 0, '2020-04-08 21:38:00');
INSERT INTO `schedule_log` VALUES ('445379193128226816', '445249186028457984', 'getTimeTask', 'Hello,Word', 0, NULL, 0, '2020-04-08 21:39:00');
INSERT INTO `schedule_log` VALUES ('445379193216307200', '445250936491872256', 'exceptionTask', 'Exception,Param', 1, 'java.lang.RuntimeException: 发生异常', 0, '2020-04-08 21:39:00');
INSERT INTO `schedule_log` VALUES ('445379444824215552', '445249186028457984', 'getTimeTask', 'Hello,Word', 0, NULL, 0, '2020-04-08 21:40:00');
INSERT INTO `schedule_log` VALUES ('445379444924878848', '445250936491872256', 'exceptionTask', 'Exception,Param', 1, 'java.lang.RuntimeException: 发生异常', 1, '2020-04-08 21:40:00');
INSERT INTO `schedule_log` VALUES ('445379696457289728', '445249186028457984', 'getTimeTask', 'Hello,Word', 0, NULL, 0, '2020-04-08 21:41:00');
INSERT INTO `schedule_log` VALUES ('445379696566341632', '445250936491872256', 'exceptionTask', 'Exception,Param', 1, 'java.lang.RuntimeException: 发生异常', 1, '2020-04-08 21:41:00');
INSERT INTO `schedule_log` VALUES ('445380163983773696', '445249186028457984', 'getTimeTask', 'Hello,Word', 0, NULL, 0, '2020-04-08 21:42:51');
INSERT INTO `schedule_log` VALUES ('445380199761186816', '445249186028457984', 'getTimeTask', 'Hello,Word', 0, NULL, 0, '2020-04-08 21:43:00');
INSERT INTO `schedule_log` VALUES ('445380199845072896', '445250936491872256', 'exceptionTask', 'Exception,Param', 1, 'java.lang.RuntimeException: 发生异常', 0, '2020-04-08 21:43:00');
INSERT INTO `schedule_log` VALUES ('445380451444592640', '445249186028457984', 'getTimeTask', 'Hello,Word', 0, NULL, 1, '2020-04-08 21:44:00');
INSERT INTO `schedule_log` VALUES ('445380451562033152', '445250936491872256', 'exceptionTask', 'Exception,Param', 1, 'java.lang.RuntimeException: 发生异常', 1, '2020-04-08 21:44:00');
INSERT INTO `schedule_log` VALUES ('445380703094444032', '445249186028457984', 'getTimeTask', 'Hello,Word', 0, NULL, 1, '2020-04-08 21:45:00');
INSERT INTO `schedule_log` VALUES ('445380703211884544', '445250936491872256', 'exceptionTask', 'Exception,Param', 1, 'java.lang.RuntimeException: 发生异常', 0, '2020-04-08 21:45:00');
INSERT INTO `schedule_log` VALUES ('445380954698158080', '445249186028457984', 'getTimeTask', 'Hello,Word', 0, NULL, 1, '2020-04-08 21:46:00');
INSERT INTO `schedule_log` VALUES ('445380954756878336', '445250936491872256', 'exceptionTask', 'Exception,Param', 1, 'java.lang.RuntimeException: 发生异常', 0, '2020-04-08 21:46:00');
INSERT INTO `schedule_log` VALUES ('445381206415118336', '445249186028457984', 'getTimeTask', 'Hello,Word', 0, NULL, 0, '2020-04-08 21:47:00');
INSERT INTO `schedule_log` VALUES ('445381206511587328', '445250936491872256', 'exceptionTask', 'Exception,Param', 1, 'java.lang.RuntimeException: 发生异常', 0, '2020-04-08 21:47:00');
INSERT INTO `schedule_log` VALUES ('445381458027220992', '445249186028457984', 'getTimeTask', 'Hello,Word', 0, NULL, 1, '2020-04-08 21:48:00');
INSERT INTO `schedule_log` VALUES ('445381458106912768', '445250936491872256', 'exceptionTask', 'Exception,Param', 1, 'java.lang.RuntimeException: 发生异常', 0, '2020-04-08 21:48:00');
INSERT INTO `schedule_log` VALUES ('445381961469530112', '445249186028457984', 'getTimeTask', 'Hello,Word', 0, NULL, 0, '2020-04-08 21:50:00');
INSERT INTO `schedule_log` VALUES ('445381961561804800', '445250936491872256', 'exceptionTask', 'Exception,Param', 1, 'java.lang.RuntimeException: 发生异常', 0, '2020-04-08 21:50:00');
INSERT INTO `schedule_log` VALUES ('445382213060661248', '445249186028457984', 'getTimeTask', 'Hello,Word', 0, NULL, 0, '2020-04-08 21:51:00');
INSERT INTO `schedule_log` VALUES ('445382213169713152', '445250936491872256', 'exceptionTask', 'Exception,Param', 1, 'java.lang.RuntimeException: 发生异常', 0, '2020-04-08 21:51:00');
INSERT INTO `schedule_log` VALUES ('445382464706318336', '445249186028457984', 'getTimeTask', 'Hello,Word', 0, NULL, 1, '2020-04-08 21:52:00');
INSERT INTO `schedule_log` VALUES ('445382464811175936', '445250936491872256', 'exceptionTask', 'Exception,Param', 1, 'java.lang.RuntimeException: 发生异常', 0, '2020-04-08 21:52:00');
INSERT INTO `schedule_log` VALUES ('445382716372946944', '445249186028457984', 'getTimeTask', 'Hello,Word', 0, NULL, 1, '2020-04-08 21:53:00');
INSERT INTO `schedule_log` VALUES ('445382716494581760', '445250936491872256', 'exceptionTask', 'Exception,Param', 1, 'java.lang.RuntimeException: 发生异常', 0, '2020-04-08 21:53:00');
INSERT INTO `schedule_log` VALUES ('445382968039575552', '445249186028457984', 'getTimeTask', 'Hello,Word', 0, NULL, 0, '2020-04-08 21:54:00');
INSERT INTO `schedule_log` VALUES ('445382968157016064', '445250936491872256', 'exceptionTask', 'Exception,Param', 1, 'java.lang.RuntimeException: 发生异常', 0, '2020-04-08 21:54:00');
INSERT INTO `schedule_log` VALUES ('445383471318306816', '445383154719657984', 'getTimeTask', 'Hello,Param', 0, NULL, 0, '2020-04-08 21:56:00');
INSERT INTO `schedule_log` VALUES ('445383722993324032', '445383154719657984', 'getTimeTask', 'Hello,Param', 0, NULL, 0, '2020-04-08 21:57:00');
INSERT INTO `schedule_log` VALUES ('445384194894467072', '445249186028457984', 'getTimeTask', 'Hello,Word', 0, NULL, 0, '2020-04-08 21:58:53');
INSERT INTO `schedule_log` VALUES ('445384226322386944', '445249186028457984', 'getTimeTask', 'Hello,Word', 0, NULL, 0, '2020-04-08 21:59:00');
INSERT INTO `schedule_log` VALUES ('445384226406273024', '445250936491872256', 'exceptionTask', 'Exception,Param', 1, 'java.lang.RuntimeException: 发生异常', 0, '2020-04-08 21:59:00');
INSERT INTO `schedule_log` VALUES ('445384226477576192', '445383154719657984', 'getTimeTask', 'Hello,Param', 0, NULL, 1, '2020-04-08 21:59:00');
INSERT INTO `schedule_log` VALUES ('445384477968044032', '445249186028457984', 'getTimeTask', 'Hello,Word', 0, NULL, 0, '2020-04-08 22:00:00');
INSERT INTO `schedule_log` VALUES ('445384478068707328', '445250936491872256', 'exceptionTask', 'Exception,Param', 1, 'java.lang.RuntimeException: 发生异常', 0, '2020-04-08 22:00:00');
INSERT INTO `schedule_log` VALUES ('445384478144204800', '445383154719657984', 'getTimeTask', 'Hello,Param', 0, NULL, 1, '2020-04-08 22:00:00');
INSERT INTO `schedule_log` VALUES ('445384729718558720', '445249186028457984', 'getTimeTask', 'Hello,Word', 0, NULL, 0, '2020-04-08 22:01:00');
INSERT INTO `schedule_log` VALUES ('445384729810833408', '445250936491872256', 'exceptionTask', 'Exception,Param', 1, 'java.lang.RuntimeException: 发生异常', 0, '2020-04-08 22:01:00');
INSERT INTO `schedule_log` VALUES ('445384729869553664', '445383154719657984', 'getTimeTask', 'Hello,Param', 0, NULL, 0, '2020-04-08 22:01:00');
INSERT INTO `schedule_log` VALUES ('445384981297106944', '445249186028457984', 'getTimeTask', 'Hello,Word', 0, NULL, 1, '2020-04-08 22:02:00');
INSERT INTO `schedule_log` VALUES ('445384981393575936', '445250936491872256', 'exceptionTask', 'Exception,Param', 1, 'java.lang.RuntimeException: 发生异常', 1, '2020-04-08 22:02:00');
INSERT INTO `schedule_log` VALUES ('445384981469073408', '445383154719657984', 'getTimeTask', 'Hello,Param', 0, NULL, 0, '2020-04-08 22:02:00');
INSERT INTO `schedule_log` VALUES ('445385232951152640', '445249186028457984', 'getTimeTask', 'Hello,Word', 0, NULL, 1, '2020-04-08 22:03:00');
INSERT INTO `schedule_log` VALUES ('445385233060204544', '445250936491872256', 'exceptionTask', 'Exception,Param', 1, 'java.lang.RuntimeException: 发生异常', 0, '2020-04-08 22:03:00');
INSERT INTO `schedule_log` VALUES ('445385233131507712', '445383154719657984', 'getTimeTask', 'Hello,Param', 0, NULL, 1, '2020-04-08 22:03:00');
INSERT INTO `schedule_log` VALUES ('445385484617781248', '445249186028457984', 'getTimeTask', 'Hello,Word', 0, NULL, 1, '2020-04-08 22:04:00');
INSERT INTO `schedule_log` VALUES ('445385484718444544', '445250936491872256', 'exceptionTask', 'Exception,Param', 1, 'java.lang.RuntimeException: 发生异常', 0, '2020-04-08 22:04:00');
INSERT INTO `schedule_log` VALUES ('445385484789747712', '445383154719657984', 'getTimeTask', 'Hello,Param', 0, NULL, 0, '2020-04-08 22:04:00');
INSERT INTO `schedule_log` VALUES ('445385736250855424', '445249186028457984', 'getTimeTask', 'Hello,Word', 0, NULL, 0, '2020-04-08 22:05:00');
INSERT INTO `schedule_log` VALUES ('445385736338935808', '445250936491872256', 'exceptionTask', 'Exception,Param', 1, 'java.lang.RuntimeException: 发生异常', 1, '2020-04-08 22:05:00');
INSERT INTO `schedule_log` VALUES ('445385736410238976', '445383154719657984', 'getTimeTask', 'Hello,Param', 0, NULL, 0, '2020-04-08 22:05:00');
INSERT INTO `schedule_log` VALUES ('445386239634444288', '445249186028457984', 'getTimeTask', 'Hello,Word', 0, NULL, 1, '2020-04-08 22:07:00');
INSERT INTO `schedule_log` VALUES ('445386239743496192', '445250936491872256', 'exceptionTask', 'Exception,Param', 1, 'java.lang.RuntimeException: 发生异常', 0, '2020-04-08 22:07:00');
INSERT INTO `schedule_log` VALUES ('445386239818993664', '445383154719657984', 'getTimeTask', 'Hello,Param', 0, NULL, 0, '2020-04-08 22:07:00');
INSERT INTO `schedule_log` VALUES ('445387497900478464', '445249186028457984', 'getTimeTask', 'Hello,Word', 0, NULL, 0, '2020-04-08 22:12:00');
INSERT INTO `schedule_log` VALUES ('445387498047279104', '445250936491872256', 'exceptionTask', 'Exception,Param', 1, 'java.lang.RuntimeException: 发生异常', 0, '2020-04-08 22:12:00');
INSERT INTO `schedule_log` VALUES ('445387498160525312', '445383154719657984', 'getTimeTask', 'Hello,Param', 0, NULL, 0, '2020-04-08 22:12:00');
INSERT INTO `schedule_log` VALUES ('445387749508386816', '445249186028457984', 'getTimeTask', 'Hello,Word', 0, NULL, 1, '2020-04-08 22:13:00');
INSERT INTO `schedule_log` VALUES ('445387749596467200', '445250936491872256', 'exceptionTask', 'Exception,Param', 1, 'java.lang.RuntimeException: 发生异常', 0, '2020-04-08 22:13:00');
INSERT INTO `schedule_log` VALUES ('445387749659381760', '445383154719657984', 'getTimeTask', 'Hello,Param', 0, NULL, 0, '2020-04-08 22:13:00');
INSERT INTO `schedule_log` VALUES ('445388001187598336', '445249186028457984', 'getTimeTask', 'Hello,Word', 0, NULL, 1, '2020-04-08 22:14:00');
INSERT INTO `schedule_log` VALUES ('445388001292455936', '445250936491872256', 'exceptionTask', 'Exception,Param', 1, 'java.lang.RuntimeException: 发生异常', 0, '2020-04-08 22:14:00');
INSERT INTO `schedule_log` VALUES ('445388001372147712', '445383154719657984', 'getTimeTask', 'Hello,Param', 0, NULL, 0, '2020-04-08 22:14:00');
INSERT INTO `schedule_log` VALUES ('445388504587964416', '445249186028457984', 'getTimeTask', 'Hello,Word', 0, NULL, 1, '2020-04-08 22:16:00');
INSERT INTO `schedule_log` VALUES ('445388504713793536', '445250936491872256', 'exceptionTask', 'Exception,Param', 1, 'java.lang.RuntimeException: 发生异常', 0, '2020-04-08 22:16:00');
INSERT INTO `schedule_log` VALUES ('445388504801873920', '445383154719657984', 'getTimeTask', 'Hello,Param', 0, NULL, 1, '2020-04-08 22:16:00');
INSERT INTO `schedule_log` VALUES ('445388756107792384', '445249186028457984', 'getTimeTask', 'Hello,Word', 0, NULL, 0, '2020-04-08 22:17:00');
INSERT INTO `schedule_log` VALUES ('445388756174901248', '445250936491872256', 'exceptionTask', 'Exception,Param', 1, 'java.lang.RuntimeException: 发生异常', 0, '2020-04-08 22:17:00');
INSERT INTO `schedule_log` VALUES ('445388756242010112', '445383154719657984', 'getTimeTask', 'Hello,Param', 0, NULL, 0, '2020-04-08 22:17:00');
INSERT INTO `schedule_log` VALUES ('445389259550101504', '445249186028457984', 'getTimeTask', 'Hello,Word', 0, NULL, 0, '2020-04-08 22:19:00');
INSERT INTO `schedule_log` VALUES ('445389259646570496', '445250936491872256', 'exceptionTask', 'Exception,Param', 1, 'java.lang.RuntimeException: 发生异常', 0, '2020-04-08 22:19:00');
INSERT INTO `schedule_log` VALUES ('445389259722067968', '445383154719657984', 'getTimeTask', 'Hello,Param', 0, NULL, 0, '2020-04-08 22:19:00');
INSERT INTO `schedule_log` VALUES ('445389511153815552', '445249186028457984', 'getTimeTask', 'Hello,Word', 0, NULL, 0, '2020-04-08 22:20:00');
INSERT INTO `schedule_log` VALUES ('445389511275450368', '445250936491872256', 'exceptionTask', 'Exception,Param', 1, 'java.lang.RuntimeException: 发生异常', 0, '2020-04-08 22:20:00');
INSERT INTO `schedule_log` VALUES ('445389511338364928', '445383154719657984', 'getTimeTask', 'Hello,Param', 0, NULL, 0, '2020-04-08 22:20:00');
INSERT INTO `schedule_log` VALUES ('445389762807861248', '445249186028457984', 'getTimeTask', 'Hello,Word', 0, NULL, 1, '2020-04-08 22:21:00');
INSERT INTO `schedule_log` VALUES ('445389762908524544', '445250936491872256', 'exceptionTask', 'Exception,Param', 1, 'java.lang.RuntimeException: 发生异常', 0, '2020-04-08 22:21:00');
INSERT INTO `schedule_log` VALUES ('445389762979827712', '445383154719657984', 'getTimeTask', 'Hello,Param', 0, NULL, 0, '2020-04-08 22:21:00');
INSERT INTO `schedule_log` VALUES ('445390266191450112', '445249186028457984', 'getTimeTask', 'Hello,Word', 0, NULL, 0, '2020-04-08 22:23:00');
INSERT INTO `schedule_log` VALUES ('445390266283724800', '445250936491872256', 'exceptionTask', 'Exception,Param', 1, 'java.lang.RuntimeException: 发生异常', 0, '2020-04-08 22:23:00');
INSERT INTO `schedule_log` VALUES ('445390266367610880', '445383154719657984', 'getTimeTask', 'Hello,Param', 0, NULL, 0, '2020-04-08 22:23:00');
INSERT INTO `schedule_log` VALUES ('445390517757415424', '445249186028457984', 'getTimeTask', 'Hello,Word', 0, NULL, 0, '2020-04-08 22:24:00');
INSERT INTO `schedule_log` VALUES ('445390517816135680', '445250936491872256', 'exceptionTask', 'Exception,Param', 1, 'java.lang.RuntimeException: 发生异常', 0, '2020-04-08 22:24:00');
INSERT INTO `schedule_log` VALUES ('445390517891633152', '445383154719657984', 'getTimeTask', 'Hello,Param', 0, NULL, 1, '2020-04-08 22:24:00');
INSERT INTO `schedule_log` VALUES ('445391021224890368', '445249186028457984', 'getTimeTask', 'Hello,Word', 0, NULL, 0, '2020-04-08 22:26:00');
INSERT INTO `schedule_log` VALUES ('445391021300387840', '445250936491872256', 'exceptionTask', 'Exception,Param', 1, 'java.lang.RuntimeException: 发生异常', 1, '2020-04-08 22:26:00');
INSERT INTO `schedule_log` VALUES ('445391021367496704', '445383154719657984', 'getTimeTask', 'Hello,Param', 0, NULL, 0, '2020-04-08 22:26:00');
INSERT INTO `schedule_log` VALUES ('445391272845381632', '445249186028457984', 'getTimeTask', 'Hello,Word', 0, NULL, 0, '2020-04-08 22:27:00');
INSERT INTO `schedule_log` VALUES ('445391272912490496', '445250936491872256', 'exceptionTask', 'Exception,Param', 1, 'java.lang.RuntimeException: 发生异常', 0, '2020-04-08 22:27:00');
INSERT INTO `schedule_log` VALUES ('445391272975405056', '445383154719657984', 'getTimeTask', 'Hello,Param', 0, NULL, 0, '2020-04-08 22:27:00');
INSERT INTO `schedule_log` VALUES ('445391776136695808', '445249186028457984', 'getTimeTask', 'Hello,Word', 0, NULL, 1, '2020-04-08 22:29:00');
INSERT INTO `schedule_log` VALUES ('445391776233164800', '445250936491872256', 'exceptionTask', 'Exception,Param', 1, 'java.lang.RuntimeException: 发生异常', 0, '2020-04-08 22:29:00');
INSERT INTO `schedule_log` VALUES ('445391776291885056', '445383154719657984', 'getTimeTask', 'Hello,Param', 0, NULL, 0, '2020-04-08 22:29:00');
INSERT INTO `schedule_log` VALUES ('445392027732021248', '445249186028457984', 'getTimeTask', 'Hello,Word', 0, NULL, 0, '2020-04-08 22:30:00');
INSERT INTO `schedule_log` VALUES ('445392027836878848', '445250936491872256', 'exceptionTask', 'Exception,Param', 1, 'java.lang.RuntimeException: 发生异常', 0, '2020-04-08 22:30:00');
INSERT INTO `schedule_log` VALUES ('445392027908182016', '445383154719657984', 'getTimeTask', 'Hello,Param', 0, NULL, 1, '2020-04-08 22:30:00');
INSERT INTO `schedule_log` VALUES ('445392279390261248', '445249186028457984', 'getTimeTask', 'Hello,Word', 0, NULL, 0, '2020-04-08 22:31:00');
INSERT INTO `schedule_log` VALUES ('445392279495118848', '445250936491872256', 'exceptionTask', 'Exception,Param', 1, 'java.lang.RuntimeException: 发生异常', 1, '2020-04-08 22:31:00');
INSERT INTO `schedule_log` VALUES ('445392279570616320', '445383154719657984', 'getTimeTask', 'Hello,Param', 0, NULL, 0, '2020-04-08 22:31:00');
INSERT INTO `schedule_log` VALUES ('445392782765461504', '445249186028457984', 'getTimeTask', 'Hello,Word', 0, NULL, 0, '2020-04-08 22:33:00');
INSERT INTO `schedule_log` VALUES ('445392782853541888', '445250936491872256', 'exceptionTask', 'Exception,Param', 1, 'java.lang.RuntimeException: 发生异常', 0, '2020-04-08 22:33:00');
INSERT INTO `schedule_log` VALUES ('445392782924845056', '445383154719657984', 'getTimeTask', 'Hello,Param', 0, NULL, 0, '2020-04-08 22:33:00');
INSERT INTO `schedule_log` VALUES ('445393286077747200', '445249186028457984', 'getTimeTask', 'Hello,Word', 0, NULL, 0, '2020-04-08 22:35:00');
INSERT INTO `schedule_log` VALUES ('445393286178410496', '445250936491872256', 'exceptionTask', 'Exception,Param', 1, 'java.lang.RuntimeException: 发生异常', 0, '2020-04-08 22:35:00');
INSERT INTO `schedule_log` VALUES ('445393286249713664', '445383154719657984', 'getTimeTask', 'Hello,Param', 0, NULL, 0, '2020-04-08 22:35:00');
INSERT INTO `schedule_log` VALUES ('445393537677266944', '445249186028457984', 'getTimeTask', 'Hello,Word', 0, NULL, 1, '2020-04-08 22:36:00');
INSERT INTO `schedule_log` VALUES ('445393537773735936', '445250936491872256', 'exceptionTask', 'Exception,Param', 1, 'java.lang.RuntimeException: 发生异常', 0, '2020-04-08 22:36:00');
INSERT INTO `schedule_log` VALUES ('445393537845039104', '445383154719657984', 'getTimeTask', 'Hello,Param', 0, NULL, 1, '2020-04-08 22:36:00');
INSERT INTO `schedule_log` VALUES ('445393789339701248', '445249186028457984', 'getTimeTask', 'Hello,Word', 0, NULL, 0, '2020-04-08 22:37:00');
INSERT INTO `schedule_log` VALUES ('445393789440364544', '445250936491872256', 'exceptionTask', 'Exception,Param', 1, 'java.lang.RuntimeException: 发生异常', 1, '2020-04-08 22:37:00');
INSERT INTO `schedule_log` VALUES ('445393789511667712', '445383154719657984', 'getTimeTask', 'Hello,Param', 0, NULL, 0, '2020-04-08 22:37:00');
INSERT INTO `schedule_log` VALUES ('445394040993746944', '445249186028457984', 'getTimeTask', 'Hello,Word', 0, NULL, 1, '2020-04-08 22:38:00');
INSERT INTO `schedule_log` VALUES ('445394041086021632', '445250936491872256', 'exceptionTask', 'Exception,Param', 1, 'java.lang.RuntimeException: 发生异常', 0, '2020-04-08 22:38:00');
INSERT INTO `schedule_log` VALUES ('445394041161519104', '445383154719657984', 'getTimeTask', 'Hello,Param', 0, NULL, 1, '2020-04-08 22:38:00');
INSERT INTO `schedule_log` VALUES ('445394292647792640', '445249186028457984', 'getTimeTask', 'Hello,Word', 0, NULL, 1, '2020-04-08 22:39:00');
INSERT INTO `schedule_log` VALUES ('445394292744261632', '445250936491872256', 'exceptionTask', 'Exception,Param', 1, 'java.lang.RuntimeException: 发生异常', 1, '2020-04-08 22:39:00');
INSERT INTO `schedule_log` VALUES ('445394292823953408', '445383154719657984', 'getTimeTask', 'Hello,Param', 0, NULL, 0, '2020-04-08 22:39:00');
INSERT INTO `schedule_log` VALUES ('445394544289255424', '445249186028457984', 'getTimeTask', 'Hello,Word', 0, NULL, 1, '2020-04-08 22:40:00');
INSERT INTO `schedule_log` VALUES ('445394544402501632', '445250936491872256', 'exceptionTask', 'Exception,Param', 1, 'java.lang.RuntimeException: 发生异常', 1, '2020-04-08 22:40:00');
INSERT INTO `schedule_log` VALUES ('445394544473804800', '445383154719657984', 'getTimeTask', 'Hello,Param', 0, NULL, 0, '2020-04-08 22:40:00');
INSERT INTO `schedule_log` VALUES ('445395047584763904', '445383154719657984', 'getTimeTask', 'Hello,Param', 0, NULL, 0, '2020-04-08 22:42:00');
INSERT INTO `schedule_log` VALUES ('445395155458068480', '445249186028457984', 'getTimeTask', 'Hello,Word', 0, NULL, 0, '2020-04-08 22:42:26');
INSERT INTO `schedule_log` VALUES ('445395299263975424', '445249186028457984', 'getTimeTask', 'Hello,Word', 0, NULL, 1, '2020-04-08 22:43:00');
INSERT INTO `schedule_log` VALUES ('445395299352055808', '445250936491872256', 'exceptionTask', 'Exception,Param', 1, 'java.lang.RuntimeException: 发生异常', 1, '2020-04-08 22:43:00');
INSERT INTO `schedule_log` VALUES ('445395299414970368', '445383154719657984', 'getTimeTask', 'Hello,Param', 0, NULL, 0, '2020-04-08 22:43:00');
INSERT INTO `schedule_log` VALUES ('445395550918021120', '445249186028457984', 'getTimeTask', 'Hello,Word', 0, NULL, 1, '2020-04-08 22:44:00');
INSERT INTO `schedule_log` VALUES ('445395551006101504', '445250936491872256', 'exceptionTask', 'Exception,Param', 1, 'java.lang.RuntimeException: 发生异常', 0, '2020-04-08 22:44:00');
INSERT INTO `schedule_log` VALUES ('445395551064821760', '445383154719657984', 'getTimeTask', 'Hello,Param', 0, NULL, 0, '2020-04-08 22:44:00');
INSERT INTO `schedule_log` VALUES ('445395802576261120', '445249186028457984', 'getTimeTask', 'Hello,Word', 0, NULL, 0, '2020-04-08 22:45:00');
INSERT INTO `schedule_log` VALUES ('445395802655952896', '445250936491872256', 'exceptionTask', 'Exception,Param', 1, 'java.lang.RuntimeException: 发生异常', 1, '2020-04-08 22:45:00');
INSERT INTO `schedule_log` VALUES ('445395802773393408', '445383154719657984', 'getTimeTask', 'Hello,Param', 0, NULL, 0, '2020-04-08 22:45:00');
INSERT INTO `schedule_log` VALUES ('445396054213529600', '445249186028457984', 'getTimeTask', 'Hello,Word', 0, NULL, 0, '2020-04-08 22:46:00');
INSERT INTO `schedule_log` VALUES ('445396054309998592', '445250936491872256', 'exceptionTask', 'Exception,Param', 1, 'java.lang.RuntimeException: 发生异常', 0, '2020-04-08 22:46:00');
INSERT INTO `schedule_log` VALUES ('445396054372913152', '445383154719657984', 'getTimeTask', 'Hello,Param', 0, NULL, 0, '2020-04-08 22:46:00');
INSERT INTO `schedule_log` VALUES ('445396306014375936', '445249186028457984', 'getTimeTask', 'Hello,Word', 0, NULL, 0, '2020-04-08 22:47:00');
INSERT INTO `schedule_log` VALUES ('445396306081484800', '445250936491872256', 'exceptionTask', 'Exception,Param', 1, 'java.lang.RuntimeException: 发生异常', 0, '2020-04-08 22:47:00');
INSERT INTO `schedule_log` VALUES ('445396306156982272', '445383154719657984', 'getTimeTask', 'Hello,Param', 0, NULL, 1, '2020-04-08 22:47:00');
INSERT INTO `schedule_log` VALUES ('445396809234386944', '445249186028457984', 'getTimeTask', 'Hello,Word', 0, NULL, 0, '2020-04-08 22:49:00');
INSERT INTO `schedule_log` VALUES ('445396809288912896', '445250936491872256', 'exceptionTask', 'Exception,Param', 1, 'java.lang.RuntimeException: 发生异常', 1, '2020-04-08 22:49:00');
INSERT INTO `schedule_log` VALUES ('445396809356021760', '445383154719657984', 'getTimeTask', 'Hello,Param', 0, NULL, 0, '2020-04-08 22:49:00');
INSERT INTO `schedule_log` VALUES ('445397060833906688', '445249186028457984', 'getTimeTask', 'Hello,Word', 0, NULL, 0, '2020-04-08 22:50:00');
INSERT INTO `schedule_log` VALUES ('445397060896821248', '445250936491872256', 'exceptionTask', 'Exception,Param', 1, 'java.lang.RuntimeException: 发生异常', 1, '2020-04-08 22:50:00');
INSERT INTO `schedule_log` VALUES ('445397060959735808', '445383154719657984', 'getTimeTask', 'Hello,Param', 0, NULL, 0, '2020-04-08 22:50:00');
INSERT INTO `schedule_log` VALUES ('445397312622170112', '445249186028457984', 'getTimeTask', 'Hello,Word', 0, NULL, 0, '2020-04-08 22:51:00');
INSERT INTO `schedule_log` VALUES ('445397312722833408', '445250936491872256', 'exceptionTask', 'Exception,Param', 1, 'java.lang.RuntimeException: 发生异常', 0, '2020-04-08 22:51:00');
INSERT INTO `schedule_log` VALUES ('445397312785747968', '445383154719657984', 'getTimeTask', 'Hello,Param', 0, NULL, 0, '2020-04-08 22:51:00');
INSERT INTO `schedule_log` VALUES ('445397564175552512', '445249186028457984', 'getTimeTask', 'Hello,Word', 0, NULL, 1, '2020-04-08 22:52:00');
INSERT INTO `schedule_log` VALUES ('445397564267827200', '445250936491872256', 'exceptionTask', 'Exception,Param', 1, 'java.lang.RuntimeException: 发生异常', 0, '2020-04-08 22:52:00');
INSERT INTO `schedule_log` VALUES ('445397564330741760', '445383154719657984', 'getTimeTask', 'Hello,Param', 0, NULL, 0, '2020-04-08 22:52:00');
INSERT INTO `schedule_log` VALUES ('445397815900901376', '445249186028457984', 'getTimeTask', 'Hello,Word', 0, NULL, 1, '2020-04-08 22:53:00');
INSERT INTO `schedule_log` VALUES ('445397815988981760', '445250936491872256', 'exceptionTask', 'Exception,Param', 1, 'java.lang.RuntimeException: 发生异常', 0, '2020-04-08 22:53:00');
INSERT INTO `schedule_log` VALUES ('445397816060284928', '445383154719657984', 'getTimeTask', 'Hello,Param', 0, NULL, 0, '2020-04-08 22:53:00');
INSERT INTO `schedule_log` VALUES ('445398067580112896', '445249186028457984', 'getTimeTask', 'Hello,Word', 0, NULL, 1, '2020-04-08 22:54:00');
INSERT INTO `schedule_log` VALUES ('445398067680776192', '445250936491872256', 'exceptionTask', 'Exception,Param', 1, 'java.lang.RuntimeException: 发生异常', 1, '2020-04-08 22:54:00');
INSERT INTO `schedule_log` VALUES ('445398067794022400', '445383154719657984', 'getTimeTask', 'Hello,Param', 0, NULL, 0, '2020-04-08 22:54:00');
INSERT INTO `schedule_log` VALUES ('445398319179632640', '445249186028457984', 'getTimeTask', 'Hello,Word', 0, NULL, 1, '2020-04-08 22:55:00');
INSERT INTO `schedule_log` VALUES ('445398319280295936', '445250936491872256', 'exceptionTask', 'Exception,Param', 1, 'java.lang.RuntimeException: 发生异常', 1, '2020-04-08 22:55:00');
INSERT INTO `schedule_log` VALUES ('445398319359987712', '445383154719657984', 'getTimeTask', 'Hello,Param', 0, NULL, 0, '2020-04-08 22:55:00');
INSERT INTO `schedule_log` VALUES ('445398570837872640', '445249186028457984', 'getTimeTask', 'Hello,Word', 0, NULL, 1, '2020-04-08 22:56:00');
INSERT INTO `schedule_log` VALUES ('445398570942730240', '445250936491872256', 'exceptionTask', 'Exception,Param', 1, 'java.lang.RuntimeException: 发生异常', 0, '2020-04-08 22:56:00');
INSERT INTO `schedule_log` VALUES ('445398571014033408', '445383154719657984', 'getTimeTask', 'Hello,Param', 0, NULL, 0, '2020-04-08 22:56:00');
INSERT INTO `schedule_log` VALUES ('445398822504501248', '445249186028457984', 'getTimeTask', 'Hello,Word', 0, NULL, 0, '2020-04-08 22:57:00');
INSERT INTO `schedule_log` VALUES ('445398822605164544', '445250936491872256', 'exceptionTask', 'Exception,Param', 1, 'java.lang.RuntimeException: 发生异常', 0, '2020-04-08 22:57:00');
INSERT INTO `schedule_log` VALUES ('445398822672273408', '445383154719657984', 'getTimeTask', 'Hello,Param', 0, NULL, 0, '2020-04-08 22:57:00');
INSERT INTO `schedule_log` VALUES ('445399074145964032', '445249186028457984', 'getTimeTask', 'Hello,Word', 0, NULL, 1, '2020-04-08 22:58:00');
INSERT INTO `schedule_log` VALUES ('445399074221461504', '445250936491872256', 'exceptionTask', 'Exception,Param', 1, 'java.lang.RuntimeException: 发生异常', 0, '2020-04-08 22:58:00');
INSERT INTO `schedule_log` VALUES ('445399074288570368', '445383154719657984', 'getTimeTask', 'Hello,Param', 0, NULL, 0, '2020-04-08 22:58:00');
INSERT INTO `schedule_log` VALUES ('445399325800009728', '445249186028457984', 'getTimeTask', 'Hello,Word', 0, NULL, 1, '2020-04-08 22:59:00');
INSERT INTO `schedule_log` VALUES ('445399325909061632', '445250936491872256', 'exceptionTask', 'Exception,Param', 1, 'java.lang.RuntimeException: 发生异常', 0, '2020-04-08 22:59:00');
INSERT INTO `schedule_log` VALUES ('445399325988753408', '445383154719657984', 'getTimeTask', 'Hello,Param', 0, NULL, 0, '2020-04-08 22:59:00');
INSERT INTO `schedule_log` VALUES ('445399577428889600', '445249186028457984', 'getTimeTask', 'Hello,Word', 0, NULL, 0, '2020-04-08 23:00:00');
INSERT INTO `schedule_log` VALUES ('445399577525358592', '445250936491872256', 'exceptionTask', 'Exception,Param', 1, 'java.lang.RuntimeException: 发生异常', 0, '2020-04-08 23:00:00');
INSERT INTO `schedule_log` VALUES ('445399577588273152', '445383154719657984', 'getTimeTask', 'Hello,Param', 0, NULL, 1, '2020-04-08 23:00:00');
INSERT INTO `schedule_log` VALUES ('445399829082935296', '445249186028457984', 'getTimeTask', 'Hello,Word', 0, NULL, 0, '2020-04-08 23:01:00');
INSERT INTO `schedule_log` VALUES ('445399829166821376', '445250936491872256', 'exceptionTask', 'Exception,Param', 1, 'java.lang.RuntimeException: 发生异常', 0, '2020-04-08 23:01:00');
INSERT INTO `schedule_log` VALUES ('445399829217153024', '445383154719657984', 'getTimeTask', 'Hello,Param', 0, NULL, 0, '2020-04-08 23:01:00');
INSERT INTO `schedule_log` VALUES ('445400332516855808', '445249186028457984', 'getTimeTask', 'Hello,Word', 0, NULL, 1, '2020-04-08 23:03:00');
INSERT INTO `schedule_log` VALUES ('445400332617519104', '445250936491872256', 'exceptionTask', 'Exception,Param', 1, 'java.lang.RuntimeException: 发生异常', 1, '2020-04-08 23:03:00');
INSERT INTO `schedule_log` VALUES ('445400332688822272', '445383154719657984', 'getTimeTask', 'Hello,Param', 0, NULL, 0, '2020-04-08 23:03:00');
INSERT INTO `schedule_log` VALUES ('445400584070238208', '445249186028457984', 'getTimeTask', 'Hello,Word', 0, NULL, 0, '2020-04-08 23:04:00');
INSERT INTO `schedule_log` VALUES ('445400584137347072', '445250936491872256', 'exceptionTask', 'Exception,Param', 1, 'java.lang.RuntimeException: 发生异常', 0, '2020-04-08 23:04:00');
INSERT INTO `schedule_log` VALUES ('445400584196067328', '445383154719657984', 'getTimeTask', 'Hello,Param', 0, NULL, 1, '2020-04-08 23:04:00');
INSERT INTO `schedule_log` VALUES ('445400835728478208', '445249186028457984', 'getTimeTask', 'Hello,Word', 0, NULL, 1, '2020-04-08 23:05:00');
INSERT INTO `schedule_log` VALUES ('445400835820752896', '445250936491872256', 'exceptionTask', 'Exception,Param', 1, 'java.lang.RuntimeException: 发生异常', 0, '2020-04-08 23:05:00');
INSERT INTO `schedule_log` VALUES ('445400835871084544', '445383154719657984', 'getTimeTask', 'Hello,Param', 0, NULL, 1, '2020-04-08 23:05:00');
INSERT INTO `schedule_log` VALUES ('445410650471141376', '445249186028457984', 'getTimeTask', 'Hello,Word', 0, NULL, 0, '2020-04-08 23:44:00');
INSERT INTO `schedule_log` VALUES ('445410650550833152', '445250936491872256', 'exceptionTask', 'Exception,Param', 1, 'java.lang.RuntimeException: 发生异常', 0, '2020-04-08 23:44:00');
INSERT INTO `schedule_log` VALUES ('445410650643107840', '445383154719657984', 'getTimeTask', 'Hello,Param', 0, NULL, 0, '2020-04-08 23:44:00');
INSERT INTO `schedule_log` VALUES ('445410902041300992', '445249186028457984', 'getTimeTask', 'Hello,Word', 0, NULL, 0, '2020-04-08 23:45:00');
INSERT INTO `schedule_log` VALUES ('445410902104215552', '445250936491872256', 'exceptionTask', 'Exception,Param', 1, 'java.lang.RuntimeException: 发生异常', 0, '2020-04-08 23:45:00');
INSERT INTO `schedule_log` VALUES ('445410902167130112', '445383154719657984', 'getTimeTask', 'Hello,Param', 0, NULL, 0, '2020-04-08 23:45:00');
INSERT INTO `schedule_log` VALUES ('445411405475221504', '445249186028457984', 'getTimeTask', 'Hello,Word', 0, NULL, 0, '2020-04-08 23:47:00');
INSERT INTO `schedule_log` VALUES ('445411405571690496', '445250936491872256', 'exceptionTask', 'Exception,Param', 1, 'java.lang.RuntimeException: 发生异常', 0, '2020-04-08 23:47:00');
INSERT INTO `schedule_log` VALUES ('445411405634605056', '445383154719657984', 'getTimeTask', 'Hello,Param', 0, NULL, 0, '2020-04-08 23:47:00');
INSERT INTO `schedule_log` VALUES ('445411657070546944', '445249186028457984', 'getTimeTask', 'Hello,Word', 0, NULL, 1, '2020-04-08 23:48:00');
INSERT INTO `schedule_log` VALUES ('445411657171210240', '445250936491872256', 'exceptionTask', 'Exception,Param', 1, 'java.lang.RuntimeException: 发生异常', 0, '2020-04-08 23:48:00');
INSERT INTO `schedule_log` VALUES ('445411657255096320', '445383154719657984', 'getTimeTask', 'Hello,Param', 0, NULL, 0, '2020-04-08 23:48:00');
INSERT INTO `schedule_log` VALUES ('445412160445747200', '445249186028457984', 'getTimeTask', 'Hello,Word', 0, NULL, 0, '2020-04-08 23:50:00');
INSERT INTO `schedule_log` VALUES ('445412160521244672', '445250936491872256', 'exceptionTask', 'Exception,Param', 1, 'java.lang.RuntimeException: 发生异常', 0, '2020-04-08 23:50:00');
INSERT INTO `schedule_log` VALUES ('445412160592547840', '445383154719657984', 'getTimeTask', 'Hello,Param', 0, NULL, 0, '2020-04-08 23:50:00');
INSERT INTO `schedule_log` VALUES ('445412412045266944', '445249186028457984', 'getTimeTask', 'Hello,Word', 0, NULL, 1, '2020-04-08 23:51:00');
INSERT INTO `schedule_log` VALUES ('445412412141735936', '445250936491872256', 'exceptionTask', 'Exception,Param', 1, 'java.lang.RuntimeException: 发生异常', 0, '2020-04-08 23:51:00');
INSERT INTO `schedule_log` VALUES ('445412412225622016', '445383154719657984', 'getTimeTask', 'Hello,Param', 0, NULL, 0, '2020-04-08 23:51:00');
INSERT INTO `schedule_log` VALUES ('445412663699312640', '445249186028457984', 'getTimeTask', 'Hello,Word', 0, NULL, 0, '2020-04-08 23:52:00');
INSERT INTO `schedule_log` VALUES ('445412663795781632', '445250936491872256', 'exceptionTask', 'Exception,Param', 1, 'java.lang.RuntimeException: 发生异常', 1, '2020-04-08 23:52:00');
INSERT INTO `schedule_log` VALUES ('445412663871279104', '445383154719657984', 'getTimeTask', 'Hello,Param', 0, NULL, 0, '2020-04-08 23:52:00');
INSERT INTO `schedule_log` VALUES ('445412915344969728', '445249186028457984', 'getTimeTask', 'Hello,Word', 0, NULL, 1, '2020-04-08 23:53:00');
INSERT INTO `schedule_log` VALUES ('445412915449827328', '445250936491872256', 'exceptionTask', 'Exception,Param', 1, 'java.lang.RuntimeException: 发生异常', 0, '2020-04-08 23:53:00');
INSERT INTO `schedule_log` VALUES ('445412915525324800', '445383154719657984', 'getTimeTask', 'Hello,Param', 0, NULL, 0, '2020-04-08 23:53:00');
INSERT INTO `schedule_log` VALUES ('445413166957072384', '445249186028457984', 'getTimeTask', 'Hello,Word', 0, NULL, 0, '2020-04-08 23:54:00');
INSERT INTO `schedule_log` VALUES ('445413167015792640', '445250936491872256', 'exceptionTask', 'Exception,Param', 1, 'java.lang.RuntimeException: 发生异常', 0, '2020-04-08 23:54:00');
INSERT INTO `schedule_log` VALUES ('445413167074512896', '445383154719657984', 'getTimeTask', 'Hello,Param', 0, NULL, 0, '2020-04-08 23:54:00');
INSERT INTO `schedule_log` VALUES ('445413418606923776', '445249186028457984', 'getTimeTask', 'Hello,Word', 0, NULL, 0, '2020-04-08 23:55:00');
INSERT INTO `schedule_log` VALUES ('445413418678226944', '445250936491872256', 'exceptionTask', 'Exception,Param', 1, 'java.lang.RuntimeException: 发生异常', 1, '2020-04-08 23:55:00');
INSERT INTO `schedule_log` VALUES ('445413418736947200', '445383154719657984', 'getTimeTask', 'Hello,Param', 0, NULL, 0, '2020-04-08 23:55:00');
INSERT INTO `schedule_log` VALUES ('445413670315495424', '445249186028457984', 'getTimeTask', 'Hello,Word', 0, NULL, 0, '2020-04-08 23:56:00');
INSERT INTO `schedule_log` VALUES ('445413670424547328', '445250936491872256', 'exceptionTask', 'Exception,Param', 1, 'java.lang.RuntimeException: 发生异常', 0, '2020-04-08 23:56:00');
INSERT INTO `schedule_log` VALUES ('445413670487461888', '445383154719657984', 'getTimeTask', 'Hello,Param', 0, NULL, 0, '2020-04-08 23:56:00');
INSERT INTO `schedule_log` VALUES ('5', '445234300128989184', 'getTimeTask', 'Hello,Param', 0, NULL, 1, '2020-04-08 12:25:00');
INSERT INTO `schedule_log` VALUES ('6', '445234300128989184', 'getTimeTask', 'Hello,Param', 0, NULL, 0, '2020-04-08 12:30:00');
INSERT INTO `schedule_log` VALUES ('7', '445234300128989184', 'getTimeTask', 'Hello,Param', 0, NULL, 0, '2020-04-08 12:35:00');
INSERT INTO `schedule_log` VALUES ('8', '445234300128989184', 'getTimeTask', 'Hello,Param', 0, NULL, 0, '2020-04-08 12:40:00');
INSERT INTO `schedule_log` VALUES ('9', '445234300128989184', 'getTimeTask', 'Hello,Param', 0, NULL, 0, '2020-04-08 12:45:00');

-- ----------------------------
-- Table structure for schedule_paused_trigger_grps
-- ----------------------------
DROP TABLE IF EXISTS `schedule_paused_trigger_grps`;
CREATE TABLE `schedule_paused_trigger_grps`  (
  `SCHED_NAME` varchar(120) CHARACTER SET utf8 COLLATE utf8_general_ci NOT NULL,
  `TRIGGER_GROUP` varchar(200) CHARACTER SET utf8 COLLATE utf8_general_ci NOT NULL,
  PRIMARY KEY (`SCHED_NAME`, `TRIGGER_GROUP`) USING BTREE
) ENGINE = InnoDB CHARACTER SET = utf8 COLLATE = utf8_general_ci ROW_FORMAT = Dynamic;

-- ----------------------------
-- Records of schedule_paused_trigger_grps
-- ----------------------------

-- ----------------------------
-- Table structure for schedule_scheduler_state
-- ----------------------------
DROP TABLE IF EXISTS `schedule_scheduler_state`;
CREATE TABLE `schedule_scheduler_state`  (
  `SCHED_NAME` varchar(120) CHARACTER SET utf8 COLLATE utf8_general_ci NOT NULL,
  `INSTANCE_NAME` varchar(200) CHARACTER SET utf8 COLLATE utf8_general_ci NOT NULL,
  `LAST_CHECKIN_TIME` bigint(0) NOT NULL,
  `CHECKIN_INTERVAL` bigint(0) NOT NULL,
  PRIMARY KEY (`SCHED_NAME`, `INSTANCE_NAME`) USING BTREE
) ENGINE = InnoDB CHARACTER SET = utf8 COLLATE = utf8_general_ci ROW_FORMAT = Dynamic;

-- ----------------------------
-- Records of schedule_scheduler_state
-- ----------------------------
INSERT INTO `schedule_scheduler_state` VALUES ('PearScheduler', 'DESKTOP-PIR6OQF1586438322704', 1586438865665, 15000);

-- ----------------------------
-- Table structure for schedule_simple_triggers
-- ----------------------------
DROP TABLE IF EXISTS `schedule_simple_triggers`;
CREATE TABLE `schedule_simple_triggers`  (
  `SCHED_NAME` varchar(120) CHARACTER SET utf8 COLLATE utf8_general_ci NOT NULL,
  `TRIGGER_NAME` varchar(200) CHARACTER SET utf8 COLLATE utf8_general_ci NOT NULL,
  `TRIGGER_GROUP` varchar(200) CHARACTER SET utf8 COLLATE utf8_general_ci NOT NULL,
  `REPEAT_COUNT` bigint(0) NOT NULL,
  `REPEAT_INTERVAL` bigint(0) NOT NULL,
  `TIMES_TRIGGERED` bigint(0) NOT NULL,
  PRIMARY KEY (`SCHED_NAME`, `TRIGGER_NAME`, `TRIGGER_GROUP`) USING BTREE,
  CONSTRAINT `schedule_simple_triggers_ibfk_1` FOREIGN KEY (`SCHED_NAME`, `TRIGGER_NAME`, `TRIGGER_GROUP`) REFERENCES `schedule_triggers` (`SCHED_NAME`, `TRIGGER_NAME`, `TRIGGER_GROUP`) ON DELETE RESTRICT ON UPDATE RESTRICT
) ENGINE = InnoDB CHARACTER SET = utf8 COLLATE = utf8_general_ci ROW_FORMAT = Dynamic;

-- ----------------------------
-- Records of schedule_simple_triggers
-- ----------------------------

-- ----------------------------
-- Table structure for schedule_simprop_triggers
-- ----------------------------
DROP TABLE IF EXISTS `schedule_simprop_triggers`;
CREATE TABLE `schedule_simprop_triggers`  (
  `SCHED_NAME` varchar(120) CHARACTER SET utf8 COLLATE utf8_general_ci NOT NULL,
  `TRIGGER_NAME` varchar(200) CHARACTER SET utf8 COLLATE utf8_general_ci NOT NULL,
  `TRIGGER_GROUP` varchar(200) CHARACTER SET utf8 COLLATE utf8_general_ci NOT NULL,
  `STR_PROP_1` varchar(512) CHARACTER SET utf8 COLLATE utf8_general_ci NULL DEFAULT NULL,
  `STR_PROP_2` varchar(512) CHARACTER SET utf8 COLLATE utf8_general_ci NULL DEFAULT NULL,
  `STR_PROP_3` varchar(512) CHARACTER SET utf8 COLLATE utf8_general_ci NULL DEFAULT NULL,
  `INT_PROP_1` int(0) NULL DEFAULT NULL,
  `INT_PROP_2` int(0) NULL DEFAULT NULL,
  `LONG_PROP_1` bigint(0) NULL DEFAULT NULL,
  `LONG_PROP_2` bigint(0) NULL DEFAULT NULL,
  `DEC_PROP_1` decimal(13, 4) NULL DEFAULT NULL,
  `DEC_PROP_2` decimal(13, 4) NULL DEFAULT NULL,
  `BOOL_PROP_1` varchar(1) CHARACTER SET utf8 COLLATE utf8_general_ci NULL DEFAULT NULL,
  `BOOL_PROP_2` varchar(1) CHARACTER SET utf8 COLLATE utf8_general_ci NULL DEFAULT NULL,
  PRIMARY KEY (`SCHED_NAME`, `TRIGGER_NAME`, `TRIGGER_GROUP`) USING BTREE,
  CONSTRAINT `schedule_simprop_triggers_ibfk_1` FOREIGN KEY (`SCHED_NAME`, `TRIGGER_NAME`, `TRIGGER_GROUP`) REFERENCES `schedule_triggers` (`SCHED_NAME`, `TRIGGER_NAME`, `TRIGGER_GROUP`) ON DELETE RESTRICT ON UPDATE RESTRICT
) ENGINE = InnoDB CHARACTER SET = utf8 COLLATE = utf8_general_ci ROW_FORMAT = Dynamic;

-- ----------------------------
-- Records of schedule_simprop_triggers
-- ----------------------------

-- ----------------------------
-- Table structure for schedule_triggers
-- ----------------------------
DROP TABLE IF EXISTS `schedule_triggers`;
CREATE TABLE `schedule_triggers`  (
  `SCHED_NAME` varchar(120) CHARACTER SET utf8 COLLATE utf8_general_ci NOT NULL,
  `TRIGGER_NAME` varchar(200) CHARACTER SET utf8 COLLATE utf8_general_ci NOT NULL,
  `TRIGGER_GROUP` varchar(200) CHARACTER SET utf8 COLLATE utf8_general_ci NOT NULL,
  `JOB_NAME` varchar(200) CHARACTER SET utf8 COLLATE utf8_general_ci NOT NULL,
  `JOB_GROUP` varchar(200) CHARACTER SET utf8 COLLATE utf8_general_ci NOT NULL,
  `DESCRIPTION` varchar(250) CHARACTER SET utf8 COLLATE utf8_general_ci NULL DEFAULT NULL,
  `NEXT_FIRE_TIME` bigint(0) NULL DEFAULT NULL,
  `PREV_FIRE_TIME` bigint(0) NULL DEFAULT NULL,
  `PRIORITY` int(0) NULL DEFAULT NULL,
  `TRIGGER_STATE` varchar(16) CHARACTER SET utf8 COLLATE utf8_general_ci NOT NULL,
  `TRIGGER_TYPE` varchar(8) CHARACTER SET utf8 COLLATE utf8_general_ci NOT NULL,
  `START_TIME` bigint(0) NOT NULL,
  `END_TIME` bigint(0) NULL DEFAULT NULL,
  `CALENDAR_NAME` varchar(200) CHARACTER SET utf8 COLLATE utf8_general_ci NULL DEFAULT NULL,
  `MISFIRE_INSTR` smallint(0) NULL DEFAULT NULL,
  `JOB_DATA` blob NULL,
  PRIMARY KEY (`SCHED_NAME`, `TRIGGER_NAME`, `TRIGGER_GROUP`) USING BTREE,
  INDEX `IDX_QRTZ_T_J`(`SCHED_NAME`, `JOB_NAME`, `JOB_GROUP`) USING BTREE,
  INDEX `IDX_QRTZ_T_JG`(`SCHED_NAME`, `JOB_GROUP`) USING BTREE,
  INDEX `IDX_QRTZ_T_C`(`SCHED_NAME`, `CALENDAR_NAME`) USING BTREE,
  INDEX `IDX_QRTZ_T_G`(`SCHED_NAME`, `TRIGGER_GROUP`) USING BTREE,
  INDEX `IDX_QRTZ_T_STATE`(`SCHED_NAME`, `TRIGGER_STATE`) USING BTREE,
  INDEX `IDX_QRTZ_T_N_STATE`(`SCHED_NAME`, `TRIGGER_NAME`, `TRIGGER_GROUP`, `TRIGGER_STATE`) USING BTREE,
  INDEX `IDX_QRTZ_T_N_G_STATE`(`SCHED_NAME`, `TRIGGER_GROUP`, `TRIGGER_STATE`) USING BTREE,
  INDEX `IDX_QRTZ_T_NEXT_FIRE_TIME`(`SCHED_NAME`, `NEXT_FIRE_TIME`) USING BTREE,
  INDEX `IDX_QRTZ_T_NFT_ST`(`SCHED_NAME`, `TRIGGER_STATE`, `NEXT_FIRE_TIME`) USING BTREE,
  INDEX `IDX_QRTZ_T_NFT_MISFIRE`(`SCHED_NAME`, `MISFIRE_INSTR`, `NEXT_FIRE_TIME`) USING BTREE,
  INDEX `IDX_QRTZ_T_NFT_ST_MISFIRE`(`SCHED_NAME`, `MISFIRE_INSTR`, `NEXT_FIRE_TIME`, `TRIGGER_STATE`) USING BTREE,
  INDEX `IDX_QRTZ_T_NFT_ST_MISFIRE_GRP`(`SCHED_NAME`, `MISFIRE_INSTR`, `NEXT_FIRE_TIME`, `TRIGGER_GROUP`, `TRIGGER_STATE`) USING BTREE,
  CONSTRAINT `schedule_triggers_ibfk_1` FOREIGN KEY (`SCHED_NAME`, `JOB_NAME`, `JOB_GROUP`) REFERENCES `schedule_job_details` (`SCHED_NAME`, `JOB_NAME`, `JOB_GROUP`) ON DELETE RESTRICT ON UPDATE RESTRICT
) ENGINE = InnoDB CHARACTER SET = utf8 COLLATE = utf8_general_ci ROW_FORMAT = Dynamic;

-- ----------------------------
-- Records of schedule_triggers
-- ----------------------------
INSERT INTO `schedule_triggers` VALUES ('PearScheduler', 'Pear_445249186028457984', 'DEFAULT', 'Pear_445249186028457984', 'DEFAULT', NULL, 1586322180000, -1, 5, 'PAUSED', 'CRON', 1586322143000, 0, NULL, 2, 0xACED0005737200156F72672E71756172747A2E4A6F62446174614D61709FB083E8BFA9B0CB020000787200266F72672E71756172747A2E7574696C732E537472696E674B65794469727479466C61674D61708208E8C3FBC55D280200015A0013616C6C6F77735472616E7369656E74446174617872001D6F72672E71756172747A2E7574696C732E4469727479466C61674D617013E62EAD28760ACE0200025A000564697274794C00036D617074000F4C6A6176612F7574696C2F4D61703B787001737200116A6176612E7574696C2E486173684D61700507DAC1C31660D103000246000A6C6F6164466163746F724900097468726573686F6C6478703F4000000000000C7708000000100000000174000D4A4F425F504152414D5F4B45597372002D636F6D2E7065617261646D696E2E7363686564756C652E656E746974792E5363686564756C654A6F624265616E00000000000000010200074C00086265616E4E616D657400124C6A6176612F6C616E672F537472696E673B4C000E63726F6E45787072657373696F6E71007E00094C000767726F7570496471007E00094C00056A6F62496471007E00094C00076A6F624E616D6571007E00094C0006706172616D7371007E00094C000673746174757371007E000978720028636F6D2E7065617261646D696E2E636F6D6D6F6E2E7765622E626173652E42617365446F6D61696E7F0917E1C981A9230200054C0008637265617465427971007E00094C000A63726561746554696D657400104C6A6176612F7574696C2F446174653B4C000672656D61726B71007E00094C0008757064617465427971007E00094C000A75706461746554696D6571007E000B7870707372000E6A6176612E7574696C2E44617465686A81014B5974190300007870770800000171582AFB007874000CE6B58BE8AF95E4BBBBE58AA1707074000B67657454696D655461736B74000D3020302F31202A202A202A203F7074001234343532343931383630323834353739383474000CE6B58BE8AF95E4BBBBE58AA174000A48656C6C6F2C576F7264740001317800);
INSERT INTO `schedule_triggers` VALUES ('PearScheduler', 'Pear_445250936491872256', 'DEFAULT', 'Pear_445250936491872256', 'DEFAULT', NULL, 1586322600000, -1, 5, 'PAUSED', 'CRON', 1586322561000, 0, NULL, 2, 0xACED0005737200156F72672E71756172747A2E4A6F62446174614D61709FB083E8BFA9B0CB020000787200266F72672E71756172747A2E7574696C732E537472696E674B65794469727479466C61674D61708208E8C3FBC55D280200015A0013616C6C6F77735472616E7369656E74446174617872001D6F72672E71756172747A2E7574696C732E4469727479466C61674D617013E62EAD28760ACE0200025A000564697274794C00036D617074000F4C6A6176612F7574696C2F4D61703B787001737200116A6176612E7574696C2E486173684D61700507DAC1C31660D103000246000A6C6F6164466163746F724900097468726573686F6C6478703F4000000000000C7708000000100000000174000D4A4F425F504152414D5F4B45597372002D636F6D2E7065617261646D696E2E7363686564756C652E656E746974792E5363686564756C654A6F624265616E00000000000000010200074C00086265616E4E616D657400124C6A6176612F6C616E672F537472696E673B4C000E63726F6E45787072657373696F6E71007E00094C000767726F7570496471007E00094C00056A6F62496471007E00094C00076A6F624E616D6571007E00094C0006706172616D7371007E00094C000673746174757371007E000978720028636F6D2E7065617261646D696E2E636F6D6D6F6E2E7765622E626173652E42617365446F6D61696E7F0917E1C981A9230200054C0008637265617465427971007E00094C000A63726561746554696D657400104C6A6176612F7574696C2F446174653B4C000672656D61726B71007E00094C0008757064617465427971007E00094C000A75706461746554696D6571007E000B7870707372000E6A6176612E7574696C2E44617465686A81014B5974190300007870770800000171583157E87874000CE5BC82E5B8B8E4BBBBE58AA1707074000D657863657074696F6E5461736B74000D3020302F31202A202A202A203F7074001234343532353039333634393138373232353674000CE5BC82E5B8B8E4BBBBE58AA174000F457863657074696F6E2C506172616D740001317800);
INSERT INTO `schedule_triggers` VALUES ('PearScheduler', 'Pear_445383154719657984', 'DEFAULT', 'Pear_445383154719657984', 'DEFAULT', NULL, 1586354100000, -1, 5, 'PAUSED', 'CRON', 1586354084000, 0, NULL, 2, 0xACED0005737200156F72672E71756172747A2E4A6F62446174614D61709FB083E8BFA9B0CB020000787200266F72672E71756172747A2E7574696C732E537472696E674B65794469727479466C61674D61708208E8C3FBC55D280200015A0013616C6C6F77735472616E7369656E74446174617872001D6F72672E71756172747A2E7574696C732E4469727479466C61674D617013E62EAD28760ACE0200025A000564697274794C00036D617074000F4C6A6176612F7574696C2F4D61703B787001737200116A6176612E7574696C2E486173684D61700507DAC1C31660D103000246000A6C6F6164466163746F724900097468726573686F6C6478703F4000000000000C7708000000100000000174000D4A4F425F504152414D5F4B45597372002D636F6D2E7065617261646D696E2E7363686564756C652E656E746974792E5363686564756C654A6F624265616E00000000000000010200074C00086265616E4E616D657400124C6A6176612F6C616E672F537472696E673B4C000E63726F6E45787072657373696F6E71007E00094C000767726F7570496471007E00094C00056A6F62496471007E00094C00076A6F624E616D6571007E00094C0006706172616D7371007E00094C000673746174757371007E000978720028636F6D2E7065617261646D696E2E636F6D6D6F6E2E7765622E626173652E42617365446F6D61696E7F0917E1C981A9230200054C0008637265617465427971007E00094C000A63726561746554696D657400104C6A6176612F7574696C2F446174653B4C000672656D61726B71007E00094C0008757064617465427971007E00094C000A75706461746554696D6571007E000B7870707372000E6A6176612E7574696C2E44617465686A81014B59741903000078707708000001715A125C887874000CE58692E999A9E4BBBBE58AA1707074000B67657454696D655461736B74000D3020302F31202A202A202A203F7074001234343533383331353437313936353739383474000CE58692E999A9E4BBBBE58AA174000B48656C6C6F2C506172616D740001317800);

-- ----------------------------
-- Table structure for sys_dict_data
-- ----------------------------
DROP TABLE IF EXISTS `sys_dict_data`;
CREATE TABLE `sys_dict_data`  (
  `id` char(19) CHARACTER SET utf8mb4 COLLATE utf8mb4_0900_ai_ci NOT NULL,
  `label` char(19) CHARACTER SET utf8mb4 COLLATE utf8mb4_0900_ai_ci NULL DEFAULT NULL,
  `value` char(20) CHARACTER SET utf8mb4 COLLATE utf8mb4_0900_ai_ci NULL DEFAULT NULL,
  `type` char(20) CHARACTER SET utf8mb4 COLLATE utf8mb4_0900_ai_ci NULL DEFAULT NULL,
  `is_default` char(1) CHARACTER SET utf8mb4 COLLATE utf8mb4_0900_ai_ci NULL DEFAULT NULL COMMENT '是否默认',
  `update_by` char(19) CHARACTER SET utf8mb4 COLLATE utf8mb4_0900_ai_ci NULL DEFAULT NULL,
  `update_time` datetime(0) NULL DEFAULT NULL,
  `create_by` varchar(255) CHARACTER SET utf8mb4 COLLATE utf8mb4_0900_ai_ci NULL DEFAULT NULL,
  `create_time` datetime(0) NULL DEFAULT NULL,
  `remark` varchar(255) CHARACTER SET utf8mb4 COLLATE utf8mb4_0900_ai_ci NULL DEFAULT NULL,
  PRIMARY KEY (`id`) USING BTREE
) ENGINE = InnoDB CHARACTER SET = utf8mb4 COLLATE = utf8mb4_0900_ai_ci ROW_FORMAT = Dynamic;

-- ----------------------------
-- Records of sys_dict_data
-- ----------------------------
INSERT INTO `sys_dict_data` VALUES ('1', '男', '0', 'system_user_sex', '0', NULL, NULL, NULL, NULL, NULL);
INSERT INTO `sys_dict_data` VALUES ('2', '女', '1', 'system_user_sex', '1', NULL, NULL, NULL, NULL, NULL);

-- ----------------------------
-- Table structure for sys_dict_type
-- ----------------------------
DROP TABLE IF EXISTS `sys_dict_type`;
CREATE TABLE `sys_dict_type`  (
  `id` char(19) CHARACTER SET utf8mb4 COLLATE utf8mb4_0900_ai_ci NOT NULL,
  `type_name` varchar(255) CHARACTER SET utf8mb4 COLLATE utf8mb4_0900_ai_ci NULL DEFAULT NULL,
  `type_code` varchar(255) CHARACTER SET utf8mb4 COLLATE utf8mb4_0900_ai_ci NULL DEFAULT NULL,
  `description` varchar(255) CHARACTER SET utf8mb4 COLLATE utf8mb4_0900_ai_ci NULL DEFAULT NULL,
  `enable` char(1) CHARACTER SET utf8mb4 COLLATE utf8mb4_0900_ai_ci NULL DEFAULT NULL,
  `create_by` char(19) CHARACTER SET utf8mb4 COLLATE utf8mb4_0900_ai_ci NULL DEFAULT NULL,
  `create_time` datetime(0) NULL DEFAULT NULL,
  `update_by` char(19) CHARACTER SET utf8mb4 COLLATE utf8mb4_0900_ai_ci NULL DEFAULT NULL,
  `update_time` datetime(0) NULL DEFAULT NULL,
  `remark` varchar(255) CHARACTER SET utf8mb4 COLLATE utf8mb4_0900_ai_ci NULL DEFAULT NULL,
  PRIMARY KEY (`id`) USING BTREE
) ENGINE = InnoDB CHARACTER SET = utf8mb4 COLLATE = utf8mb4_0900_ai_ci ROW_FORMAT = Dynamic;

-- ----------------------------
-- Records of sys_dict_type
-- ----------------------------
INSERT INTO `sys_dict_type` VALUES ('1', '字典名称', '字典标识', '用户描述\n', '0', NULL, NULL, NULL, NULL, NULL);
INSERT INTO `sys_dict_type` VALUES ('2', '用户性别', 'system_user_sex', '用于描述性别', '0', NULL, NULL, NULL, NULL, NULL);
INSERT INTO `sys_dict_type` VALUES ('442871281721937920', 'awd', 'awd', 'wad', '0', NULL, NULL, NULL, NULL, NULL);
INSERT INTO `sys_dict_type` VALUES ('442871597032935424', 'awd', 'awd', 'awd', '0', NULL, NULL, NULL, NULL, NULL);
INSERT INTO `sys_dict_type` VALUES ('442872452566093824', '用户性别', '用户性别', '描述\n', '0', NULL, NULL, NULL, NULL, NULL);
INSERT INTO `sys_dict_type` VALUES ('443233701279698944', '系统配置', 'awdwa', 'aw', '0', NULL, NULL, NULL, NULL, NULL);

-- ----------------------------
-- Table structure for sys_power
-- ----------------------------
DROP TABLE IF EXISTS `sys_power`;
CREATE TABLE `sys_power`  (
  `power_id` char(19) CHARACTER SET utf8mb4 COLLATE utf8mb4_0900_ai_ci NOT NULL,
  `power_name` varchar(255) CHARACTER SET utf8mb4 COLLATE utf8mb4_0900_ai_ci NULL DEFAULT NULL,
  `power_type` char(1) CHARACTER SET utf8mb4 COLLATE utf8mb4_0900_ai_ci NULL DEFAULT NULL,
  `power_code` char(20) CHARACTER SET utf8mb4 COLLATE utf8mb4_0900_ai_ci NULL DEFAULT NULL,
  `power_url` varchar(255) CHARACTER SET utf8mb4 COLLATE utf8mb4_0900_ai_ci NULL DEFAULT NULL,
  `open_type` char(10) CHARACTER SET utf8mb4 COLLATE utf8mb4_0900_ai_ci NULL DEFAULT NULL,
  `parent_id` char(19) CHARACTER SET utf8mb4 COLLATE utf8mb4_0900_ai_ci NULL DEFAULT NULL,
  `icon` char(30) CHARACTER SET utf8mb4 COLLATE utf8mb4_0900_ai_ci NULL DEFAULT NULL,
  `sort` int(0) NULL DEFAULT NULL,
  `create_by` char(19) CHARACTER SET utf8mb4 COLLATE utf8mb4_0900_ai_ci NULL DEFAULT NULL,
  `create_time` datetime(0) NULL DEFAULT NULL,
  `update_by` char(19) CHARACTER SET utf8mb4 COLLATE utf8mb4_0900_ai_ci NULL DEFAULT NULL,
  `update_time` datetime(0) NULL DEFAULT NULL,
  `remark` varchar(255) CHARACTER SET utf8mb4 COLLATE utf8mb4_0900_ai_ci NULL DEFAULT NULL,
  `enable` char(1) CHARACTER SET utf8mb4 COLLATE utf8mb4_0900_ai_ci NULL DEFAULT NULL,
  PRIMARY KEY (`power_id`) USING BTREE
) ENGINE = InnoDB CHARACTER SET = utf8mb4 COLLATE = utf8mb4_0900_ai_ci ROW_FORMAT = Dynamic;

-- ----------------------------
-- Records of sys_power
-- ----------------------------
INSERT INTO `sys_power` VALUES ('1', '系统管理', '0', '', '', NULL, '0', 'layui-icon-set-fill', 1, NULL, NULL, NULL, NULL, NULL, '0');
INSERT INTO `sys_power` VALUES ('2', '用户管理', '1', 'sys:user:main', '/system/user/main', NULL, '1', 'layui-icon-username', 3, NULL, NULL, NULL, NULL, NULL, '0');
INSERT INTO `sys_power` VALUES ('3', '角色管理', '1', 'sys:role:main', '/system/role/main', NULL, '1', 'layui-icon-user', NULL, NULL, NULL, NULL, NULL, NULL, '0');
INSERT INTO `sys_power` VALUES ('4', '权限管理', '1', 'sys:power:main', '/system/power/main', NULL, '1', 'layui-icon-vercode', NULL, NULL, NULL, NULL, NULL, NULL, '0');
INSERT INTO `sys_power` VALUES ('442359447487123456', '角色列表', '2', 'sys:role:data', '', '', '3', 'layui-icon-rate', 1, NULL, NULL, NULL, NULL, NULL, '0');
INSERT INTO `sys_power` VALUES ('442417411065516032', '敏捷开发', '0', '', '', '', '0', 'layui-icon-senior', 2, NULL, NULL, NULL, NULL, NULL, '0');
INSERT INTO `sys_power` VALUES ('442418188639145984', '代码生成', '1', 'exp:template:main', '/generate/main', '0', '442417411065516032', 'layui-icon-template-1', NULL, NULL, NULL, NULL, NULL, NULL, NULL);
INSERT INTO `sys_power` VALUES ('442520236248403968', '数据监控', '1', '/druid/index.html', '/druid/index.html', '0', '694203021537574912', 'layui-icon-chart', 1, NULL, NULL, NULL, NULL, NULL, '0');
INSERT INTO `sys_power` VALUES ('442650387514789888', '定时任务', '0', '', '', '', '0', 'layui-icon-log', 4, NULL, NULL, NULL, NULL, NULL, '0');
INSERT INTO `sys_power` VALUES ('442650770626711552', '任务管理', '1', 'qrt:task:main', '/schedule/job/main', '0', '442650387514789888', 'layui-icon-chat', 1, NULL, NULL, NULL, NULL, NULL, '0');
INSERT INTO `sys_power` VALUES ('442651158935375872', '任务日志', '1', 'qrt:log:main', '/schedule/log/main', '0', '442650387514789888', 'layui-icon-file', 2, NULL, NULL, NULL, NULL, NULL, '0');
INSERT INTO `sys_power` VALUES ('442722702474743808', '数据字典', '1', 'system:dictType:main', '/system/dictType/main', '0', '1', 'layui-icon-form', 1, NULL, NULL, NULL, NULL, NULL, '0');
INSERT INTO `sys_power` VALUES ('694203021537574912', '系统监控', '0', '', '', '', '0', 'layui-icon-console', 3, NULL, NULL, NULL, NULL, NULL, '0');
INSERT INTO `sys_power` VALUES ('694203311615639552', '接口文档', '1', '', '/swagger-ui.html', '_blank', '694203021537574912', 'layui-icon-chart', 1, NULL, NULL, NULL, NULL, NULL, '0');

-- ----------------------------
-- Table structure for sys_role
-- ----------------------------
DROP TABLE IF EXISTS `sys_role`;
CREATE TABLE `sys_role`  (
  `role_id` char(19) CHARACTER SET utf8mb4 COLLATE utf8mb4_0900_ai_ci NOT NULL,
  `role_name` varchar(255) CHARACTER SET utf8mb4 COLLATE utf8mb4_0900_ai_ci NULL DEFAULT NULL,
  `role_code` varchar(255) CHARACTER SET utf8mb4 COLLATE utf8mb4_0900_ai_ci NULL DEFAULT NULL,
  `enable` char(1) CHARACTER SET utf8mb4 COLLATE utf8mb4_0900_ai_ci NULL DEFAULT NULL,
  `create_time` datetime(0) NULL DEFAULT NULL,
  `create_by` char(19) CHARACTER SET utf8mb4 COLLATE utf8mb4_0900_ai_ci NULL DEFAULT NULL,
  `update_time` datetime(0) NULL DEFAULT NULL,
  `update_by` char(19) CHARACTER SET utf8mb4 COLLATE utf8mb4_0900_ai_ci NULL DEFAULT NULL,
  `remark` varchar(255) CHARACTER SET utf8mb4 COLLATE utf8mb4_0900_ai_ci NULL DEFAULT NULL,
  `details` varchar(255) CHARACTER SET utf8mb4 COLLATE utf8mb4_0900_ai_ci NULL DEFAULT NULL,
  PRIMARY KEY (`role_id`) USING BTREE
) ENGINE = InnoDB CHARACTER SET = utf8mb4 COLLATE = utf8mb4_0900_ai_ci ROW_FORMAT = Dynamic;

-- ----------------------------
-- Records of sys_role
-- ----------------------------
INSERT INTO `sys_role` VALUES ('1', '超级管理员', 'admin', '0', NULL, NULL, NULL, NULL, NULL, '超级管理员');
INSERT INTO `sys_role` VALUES ('2', '普通管理员', 'manager', '0', NULL, NULL, NULL, NULL, NULL, '普通管理员');
INSERT INTO `sys_role` VALUES ('3', '普通用户', 'pearson', '0', NULL, NULL, NULL, NULL, NULL, '普通用户');

-- ----------------------------
-- Table structure for sys_role_power
-- ----------------------------
DROP TABLE IF EXISTS `sys_role_power`;
CREATE TABLE `sys_role_power`  (
  `id` char(19) CHARACTER SET utf8mb4 COLLATE utf8mb4_0900_ai_ci NOT NULL,
  `role_id` char(19) CHARACTER SET utf8mb4 COLLATE utf8mb4_0900_ai_ci NULL DEFAULT NULL,
  `power_id` char(19) CHARACTER SET utf8mb4 COLLATE utf8mb4_0900_ai_ci NULL DEFAULT NULL,
  `create_by` char(19) CHARACTER SET utf8mb4 COLLATE utf8mb4_0900_ai_ci NULL DEFAULT NULL,
  `create_time` datetime(0) NULL DEFAULT NULL,
  `update_by` char(19) CHARACTER SET utf8mb4 COLLATE utf8mb4_0900_ai_ci NULL DEFAULT NULL,
  `update_time` datetime(0) NULL DEFAULT NULL,
  `remark` varchar(255) CHARACTER SET utf8mb4 COLLATE utf8mb4_0900_ai_ci NULL DEFAULT NULL,
  PRIMARY KEY (`id`) USING BTREE
) ENGINE = InnoDB CHARACTER SET = utf8mb4 COLLATE = utf8mb4_0900_ai_ci ROW_FORMAT = Dynamic;

-- ----------------------------
-- Records of sys_role_power
-- ----------------------------
INSERT INTO `sys_role_power` VALUES ('442062615250866176', '693913251020275712', '1', NULL, NULL, NULL, NULL, NULL);
INSERT INTO `sys_role_power` VALUES ('442062615250866177', '693913251020275712', '2', NULL, NULL, NULL, NULL, NULL);
INSERT INTO `sys_role_power` VALUES ('442062615250866178', '693913251020275712', '3', NULL, NULL, NULL, NULL, NULL);
INSERT INTO `sys_role_power` VALUES ('442062615250866179', '693913251020275712', '4', NULL, NULL, NULL, NULL, NULL);
INSERT INTO `sys_role_power` VALUES ('443435772557791232', '2', '1', NULL, NULL, NULL, NULL, NULL);
INSERT INTO `sys_role_power` VALUES ('443435772557791233', '2', '2', NULL, NULL, NULL, NULL, NULL);
INSERT INTO `sys_role_power` VALUES ('443435772557791234', '2', '3', NULL, NULL, NULL, NULL, NULL);
INSERT INTO `sys_role_power` VALUES ('443435772557791235', '2', '442359447487123456', NULL, NULL, NULL, NULL, NULL);
INSERT INTO `sys_role_power` VALUES ('443435772557791236', '2', '4', NULL, NULL, NULL, NULL, NULL);
INSERT INTO `sys_role_power` VALUES ('443435772557791237', '2', '442722702474743808', NULL, NULL, NULL, NULL, NULL);
INSERT INTO `sys_role_power` VALUES ('443435772557791238', '2', '442417411065516032', NULL, NULL, NULL, NULL, NULL);
INSERT INTO `sys_role_power` VALUES ('443435772557791239', '2', '442418188639145984', NULL, NULL, NULL, NULL, NULL);
INSERT INTO `sys_role_power` VALUES ('443435772557791240', '2', '442650387514789888', NULL, NULL, NULL, NULL, NULL);
INSERT INTO `sys_role_power` VALUES ('443435772557791241', '2', '442650770626711552', NULL, NULL, NULL, NULL, NULL);
INSERT INTO `sys_role_power` VALUES ('443435772557791242', '2', '442651158935375872', NULL, NULL, NULL, NULL, NULL);
INSERT INTO `sys_role_power` VALUES ('443435772557791243', '2', '5', NULL, NULL, NULL, NULL, NULL);
INSERT INTO `sys_role_power` VALUES ('443435772557791244', '2', '6', NULL, NULL, NULL, NULL, NULL);
INSERT INTO `sys_role_power` VALUES ('443435772557791245', '2', '694203021537574912', NULL, NULL, NULL, NULL, NULL);
INSERT INTO `sys_role_power` VALUES ('443435772557791246', '2', '442520236248403968', NULL, NULL, NULL, NULL, NULL);
INSERT INTO `sys_role_power` VALUES ('443435772557791247', '2', '694203311615639552', NULL, NULL, NULL, NULL, NULL);
INSERT INTO `sys_role_power` VALUES ('444343119819968512', '1', '1', NULL, NULL, NULL, NULL, NULL);
INSERT INTO `sys_role_power` VALUES ('444343119819968513', '1', '3', NULL, NULL, NULL, NULL, NULL);
INSERT INTO `sys_role_power` VALUES ('444343119819968514', '1', '442359447487123456', NULL, NULL, NULL, NULL, NULL);
INSERT INTO `sys_role_power` VALUES ('444343119819968515', '1', '4', NULL, NULL, NULL, NULL, NULL);
INSERT INTO `sys_role_power` VALUES ('444343119819968516', '1', '442722702474743808', NULL, NULL, NULL, NULL, NULL);
INSERT INTO `sys_role_power` VALUES ('444343119819968517', '1', '2', NULL, NULL, NULL, NULL, NULL);
INSERT INTO `sys_role_power` VALUES ('444343119819968518', '1', '442417411065516032', NULL, NULL, NULL, NULL, NULL);
INSERT INTO `sys_role_power` VALUES ('444343119819968519', '1', '442418188639145984', NULL, NULL, NULL, NULL, NULL);
INSERT INTO `sys_role_power` VALUES ('444343119819968520', '1', '5', NULL, NULL, NULL, NULL, NULL);
INSERT INTO `sys_role_power` VALUES ('444343119819968521', '1', '6', NULL, NULL, NULL, NULL, NULL);
INSERT INTO `sys_role_power` VALUES ('444343119819968522', '1', '694203021537574912', NULL, NULL, NULL, NULL, NULL);
INSERT INTO `sys_role_power` VALUES ('444343119819968523', '1', '442520236248403968', NULL, NULL, NULL, NULL, NULL);
INSERT INTO `sys_role_power` VALUES ('444343119819968524', '1', '694203311615639552', NULL, NULL, NULL, NULL, NULL);
INSERT INTO `sys_role_power` VALUES ('444343119819968525', '1', '442650387514789888', NULL, NULL, NULL, NULL, NULL);
INSERT INTO `sys_role_power` VALUES ('444343119819968526', '1', '442650770626711552', NULL, NULL, NULL, NULL, NULL);
INSERT INTO `sys_role_power` VALUES ('444343119819968527', '1', '442651158935375872', NULL, NULL, NULL, NULL, NULL);

-- ----------------------------
-- Table structure for sys_user
-- ----------------------------
DROP TABLE IF EXISTS `sys_user`;
CREATE TABLE `sys_user`  (
  `user_id` char(19) CHARACTER SET utf8mb4 COLLATE utf8mb4_0900_ai_ci NOT NULL COMMENT '编号',
  `username` char(20) CHARACTER SET utf8mb4 COLLATE utf8mb4_0900_ai_ci NULL DEFAULT NULL COMMENT '账户',
  `password` char(60) CHARACTER SET utf8mb4 COLLATE utf8mb4_0900_ai_ci NULL DEFAULT NULL COMMENT '密码',
  `salt` char(10) CHARACTER SET utf8mb4 COLLATE utf8mb4_0900_ai_ci NULL DEFAULT NULL COMMENT '姓名',
  `status` char(1) CHARACTER SET utf8mb4 COLLATE utf8mb4_0900_ai_ci NULL DEFAULT NULL COMMENT '状态',
  `real_name` char(8) CHARACTER SET utf8mb4 COLLATE utf8mb4_0900_ai_ci NULL DEFAULT NULL COMMENT '姓名',
  `email` char(20) CHARACTER SET utf8mb4 COLLATE utf8mb4_0900_ai_ci NULL DEFAULT NULL COMMENT '邮箱',
  `avatar` varchar(30) CHARACTER SET utf8mb4 COLLATE utf8mb4_0900_ai_ci NULL DEFAULT NULL COMMENT '头像',
  `sex` char(1) CHARACTER SET utf8mb4 COLLATE utf8mb4_0900_ai_ci NULL DEFAULT NULL COMMENT '性别',
  `phone` char(11) CHARACTER SET utf8mb4 COLLATE utf8mb4_0900_ai_ci NULL DEFAULT NULL COMMENT '电话',
  `create_time` datetime(0) NULL DEFAULT NULL COMMENT '创建时间',
  `create_by` char(1) CHARACTER SET utf8mb4 COLLATE utf8mb4_0900_ai_ci NULL DEFAULT NULL COMMENT '创建人',
  `update_time` datetime(0) NULL DEFAULT NULL COMMENT '修改时间',
  `update_by` char(1) CHARACTER SET utf8mb4 COLLATE utf8mb4_0900_ai_ci NULL DEFAULT NULL COMMENT '修改人',
  `remark` varchar(255) CHARACTER SET utf8mb4 COLLATE utf8mb4_0900_ai_ci NULL DEFAULT NULL COMMENT '备注',
  `enable` char(1) CHARACTER SET utf8mb4 COLLATE utf8mb4_0900_ai_ci NULL DEFAULT NULL COMMENT '是否启用',
  `login` char(1) CHARACTER SET utf8mb4 COLLATE utf8mb4_0900_ai_ci NULL DEFAULT NULL,
  PRIMARY KEY (`user_id`) USING BTREE
) ENGINE = InnoDB CHARACTER SET = utf8mb4 COLLATE = utf8mb4_0900_ai_ci ROW_FORMAT = Dynamic;

-- ----------------------------
-- Records of sys_user
-- ----------------------------
INSERT INTO `sys_user` VALUES ('1', 'admin', '$2a$10$1K7E1.IYCrsoZVCb6utOo.5jENtfOzhdKWhc49t2lk.UQd7Oam4FG', NULL, NULL, '超级管理员', '854085467@qq.com', NULL, '1', '15553726531', NULL, NULL, NULL, NULL, NULL, '0', '1');
INSERT INTO `sys_user` VALUES ('442488661347536896', '854085467', NULL, NULL, NULL, '就眠仪式', '854085467@qq.com', NULL, '1', '15553726531', NULL, NULL, NULL, NULL, NULL, '0', '1');
INSERT INTO `sys_user` VALUES ('442492965651353600', '970796069', NULL, NULL, NULL, '王二麻子', '854085467@qq.com', NULL, '1', '15553726531', NULL, NULL, NULL, NULL, NULL, '0', '0');
INSERT INTO `sys_user` VALUES ('444226209941950464', 'manager', '$2a$10$1K7E1.IYCrsoZVCb6utOo.5jENtfOzhdKWhc49t2lk.UQd7Oam4FG', NULL, NULL, 'Boss', '854085467@qq.com', NULL, '1', '15553726531', NULL, NULL, NULL, NULL, NULL, '0', '0');

-- ----------------------------
-- Table structure for sys_user_role
-- ----------------------------
DROP TABLE IF EXISTS `sys_user_role`;
CREATE TABLE `sys_user_role`  (
  `id` char(19) CHARACTER SET utf8mb4 COLLATE utf8mb4_0900_ai_ci NOT NULL,
  `user_id` char(19) CHARACTER SET utf8mb4 COLLATE utf8mb4_0900_ai_ci NULL DEFAULT NULL,
  `role_id` char(19) CHARACTER SET utf8mb4 COLLATE utf8mb4_0900_ai_ci NULL DEFAULT NULL,
  PRIMARY KEY (`id`) USING BTREE
) ENGINE = InnoDB CHARACTER SET = utf8mb4 COLLATE = utf8mb4_0900_ai_ci ROW_FORMAT = Dynamic;

-- ----------------------------
-- Records of sys_user_role
-- ----------------------------
INSERT INTO `sys_user_role` VALUES ('442110794142978048', NULL, '1');
INSERT INTO `sys_user_role` VALUES ('442110794142978049', NULL, '2');
INSERT INTO `sys_user_role` VALUES ('442110794142978050', NULL, '3');
INSERT INTO `sys_user_role` VALUES ('442114944884936704', '442114944884936704', '1');
INSERT INTO `sys_user_role` VALUES ('442114944884936705', '442114944884936704', '2');
INSERT INTO `sys_user_role` VALUES ('442114944884936706', '442114944884936704', '3');
INSERT INTO `sys_user_role` VALUES ('442114944884936707', '442114944884936704', '693913251020275712');
INSERT INTO `sys_user_role` VALUES ('442114944884936708', '442114944884936704', '693949793801601024');
INSERT INTO `sys_user_role` VALUES ('442114944884936709', '442114944884936704', '694106517393113088');
INSERT INTO `sys_user_role` VALUES ('442127724396548096', '3', '1');
INSERT INTO `sys_user_role` VALUES ('442127724396548097', '3', '2');
INSERT INTO `sys_user_role` VALUES ('442127724396548098', '3', '3');
INSERT INTO `sys_user_role` VALUES ('445004036937224192', '442488661347536896', '1');
INSERT INTO `sys_user_role` VALUES ('445004036937224193', '442488661347536896', '2');
INSERT INTO `sys_user_role` VALUES ('445004967087050752', '1', '1');
INSERT INTO `sys_user_role` VALUES ('445004967087050753', '1', '2');
INSERT INTO `sys_user_role` VALUES ('445004967087050754', '1', '3');
INSERT INTO `sys_user_role` VALUES ('445004989551742976', '442492965651353600', '1');
INSERT INTO `sys_user_role` VALUES ('445004989551742977', '442492965651353600', '2');
INSERT INTO `sys_user_role` VALUES ('445005010271604736', '444226209941950464', '1');
INSERT INTO `sys_user_role` VALUES ('445005010271604737', '444226209941950464', '2');
INSERT INTO `sys_user_role` VALUES ('445005010271604738', '444226209941950464', '3');

SET FOREIGN_KEY_CHECKS = 1;
